n2,k_h_mpc,Nmodes,P_raw,W2_at_Rhom,contribution_raw,contribution_clust,fraction_raw
17,0.0043177061144717,48,49725.275611771904,0.290031319686982,3.2048638461069124e-06,3.075961037357143e-06,0.07300374568527551
14,0.0039182544528463,48,31180.735303259466,0.3608340921746318,2.500238292553138e-06,2.3398675849199684e-06,0.056953046752316785
10,0.003311529421932,24,43901.87256358116,0.4828265205567652,2.3552209306444894e-06,2.2479261482985415e-06,0.05364968938142915
18,0.0044428829381583,36,46105.27296743368,0.269664644612631,2.0721603415885577e-06,1.982272126717681e-06,0.047201838786445044
6,0.0025650996603237,24,26816.676954092127,0.6460627030777585,1.92502831116931e-06,1.781458821596475e-06,0.04385031128117122
5,0.0023416049103469,24,24341.968102292216,0.6948571943620938,1.8793546289789277e-06,1.7249419191206847e-06,0.04280990830642795
26,0.005339680748138,72,37287.64042629738,0.1506110734559455,1.8719771837479857e-06,1.771569801444022e-06,0.04264185713130519
21,0.0047988620459308,48,35675.51785768264,0.21675111760799973,1.7183796370881919e-06,1.6220458070401923e-06,0.03914305132467007
9,0.0031415926535897,30,23043.06638848863,0.519292446134778,1.661956987683937e-06,1.5177090859798317e-06,0.0378577971155088
29,0.0056393313988213,72,39979.20550976192,0.12105820747325882,1.6132703184056038e-06,1.5325648467567645e-06,0.036748761164862684
11,0.0034731613586981,24,25911.990691812098,0.4489213172425971,1.2924938881940226e-06,1.1927335954734453e-06,0.029441779633824
30,0.0057357372095454,48,47422.29477677319,0.11255721806510702,1.1861603498526768e-06,1.136134919601518e-06,0.02701960291629609
13,0.0037757244663796,24,26212.761673615107,0.38808642524050113,1.130312997066056e-06,1.0440715692348333e-06,0.025747453416097223
41,0.0067053360214472,96,44448.41384842623,0.05052933459894982,9.981994558843217e-07,9.532844917963664e-07,0.022738032790092025
24,0.0051301993206474,24,47956.581436422864,0.1742202692229376,9.283342809850359e-07,8.896186656021609e-07,0.021146570654563098
34,0.0061061585454271,48,49161.11959633658,0.0841181663993735,9.189651641298093e-07,8.815793123967543e-07,0.02093315109696615
27,0.0054413980927026,32,40710.20466221249,0.14003481293695322,8.445697621478528e-07,8.030779657220889e-07,0.019238494703671304
2,0.0014809609793861,12,17049.823567908865,0.8644865154192939,8.188523647075158e-07,7.227983074387055e-07,0.018652676886573658
19,0.0045646282995892,24,27993.517289903742,0.25072816491865735,7.798625799684745e-07,7.241452099865508e-07,0.017764526729158934
20,0.0046832098206938,24,27955.85046636174,0.23312144895294792,7.241231519366882e-07,6.723183855026998e-07,0.016494835652073627
45,0.0070248147310407,72,56979.539938444126,0.03776243806403776,7.172287826142874e-07,6.920538239049289e-07,0.01633778848600312
33,0.00601569193615,48,33026.81213595847,0.09047126977103698,6.639950289843682e-07,6.237855757527962e-07,0.015125174285062246
38,0.0064553592484711,72,30191.195805082963,0.0628646126834767,6.326526102458491e-07,5.907428684568647e-07,0.01441122384079369
36,0.0062831853071795,30,57659.14007610396,0.0727190205540561,5.823494711560283e-07,5.621497432243461e-07,0.013265366247577915
25,0.0052359877559829,30,25140.913429454,0.16198611596507936,5.656220719793829e-07,5.206259286557497e-07,0.01288433202768389
42,0.0067866157893128,48,51288.19349017387,0.04698104698431844,5.354606729117052e-07,5.145802075853415e-07,0.012197284086560407
16,0.0041887902047863,6,56508.257146245225,0.3119362069885408,4.896380943814678e-07,4.7230830510432663e-07,0.011153489395023478
22,0.004911791897781,24,21468.067370684363,0.20153034907483092,4.807185679084453e-07,4.3593404589181613e-07,0.010950311078084802
50,0.0074048048969306,84,43800.58982745699,0.026239501765449157,4.4695219881871695e-07,4.2654369744558986e-07,0.010181145353701187
8,0.0029619219587722,12,14124.652342500343,0.5585124949260634,4.3826637887628513e-07,3.7620943499561144e-07,0.009983290648916879
46,0.007102439349736,48,55459.9032455491,0.03511067167240918,4.3271876751956773e-07,4.1711402455405256e-07,0.009856921346477242
54,0.0076952989809711,96,49234.71893446748,0.019609748834287653,4.291024321029573e-07,4.116715442502571e-07,0.009774544670354922
35,0.0061953042615456,48,23790.028365521808,0.07821119274991899,4.1347699867152585e-07,3.787164685604507e-07,0.009418612180481413
3,0.0018137993642342,8,13528.81347084058,0.8037802579547211,4.027478956079091e-07,3.4320861724089276e-07,0.009174213432485034
53,0.0076237132484966,72,57156.73648029522,0.021090793497637768,4.0182697536826857e-07,3.8776644636984345e-07,0.009153235746630203
37,0.0063698540262387,24,51907.80706520817,0.06761252148716394,3.899575245053275e-07,3.749325197304022e-07,0.008882860961980734
49,0.0073303828583761,54,54731.72239123072,0.0282212647338136,3.86149606735129e-07,3.7203897436822214e-07,0.008796120222331621
40,0.006623058843864,24,59016.46745080563,0.054345609961924,3.563651023791184e-07,3.4428830016535756e-07,0.008117657583736384
43,0.0068669335647712,24,68937.77371561878,0.04368192839390259,3.3459276612008e-07,3.2488567092143495e-07,0.007621704502559493
12,0.0036275987284684,8,18228.897293898342,0.41739701630813913,2.8180323485409924e-07,2.5088493734979263e-07,0.0064192092639339966
59,0.0080436770175521,72,60008.352313414114,0.013625975057138215,2.7255743728084766e-07,2.634734539094222e-07,0.00620859880211512
51,0.0074784863624158,48,44365.35758601325,0.0243969028104588,2.4052829270604807e-07,2.2968522479028857e-07,0.005479005397423073
56,0.0078365089056926,48,59116.44367212305,0.016952363438000526,2.2270298628709253e-07,2.1516860253687007e-07,0.005072961896338837
1,0.0010471975511965,6,8193.157114670534,0.9297776698863625,2.1160595919697895e-07,1.5995164420329215e-07,0.004820182189477543
57,0.0079061681325552,48,58460.39409035418,0.015761928976450887,2.047663510194426e-07,1.977610492521311e-07,0.004664382430125415
62,0.0082456417637678,96,40256.52829146781,0.010952289746311475,1.9595607201277364e-07,1.8622070334938565e-07,0.00446369266640878
61,0.0081788743348434,72,49178.88051427464,0.011779471696335626,1.931004103584566e-07,1.8524742922756616e-07,0.004398643414026905
44,0.0069463227173962,24,40307.54491236105,0.04061448159822222,1.8189667123473377e-07,1.7287123087957328e-07,0.004143432908686408
65,0.008442776571134,96,44863.28030065061,0.008803234277484494,1.7552976308581434e-07,1.6770466595027256e-07,0.003998400805725203
66,0.0085074731231618,96,46950.879778205854,0.008185050653983684,1.707979241038725e-07,1.635223235225537e-07,0.0038906140209352723
74,0.0090083339542436,120,64779.27746718722,0.004571453061852389,1.645196812899769e-07,1.5944028899902982e-07,0.0037476016298495164
69,0.008698676167959,96,51732.237414415016,0.0065789821260309874,1.5126465123956795e-07,1.4541666712754042e-07,0.003445664671115307
32,0.0059238439175444,12,26110.65959784966,0.09730419723039475,1.4114870951804794e-07,1.3033713204800407e-07,0.003215233154437304
4,0.0020943951023931,6,6108.0639252459405,0.7473369353418063,1.2679949374347627e-07,8.52807751133759e-08,0.002888371687151424
52,0.0075514489327593,24,39310.87618061769,0.022683695447551635,9.907954922861596e-08,9.403872801804891e-08,0.0022569377551823525
68,0.0086354122289434,48,57202.94228089717,0.0070758659183924955,8.994674438159409e-08,8.680191508453076e-08,0.002048901160038025
77,0.0091891212183143,96,54519.53822515591,0.0036744437212837154,8.903509996387184e-08,8.576892776717522e-08,0.0020281347685709925
58,0.0079752189469295,24,46835.4850750331,0.014655089596638889,7.626424778629486e-08,7.300756120926399e-08,0.0017372269205859344
81,0.0094247779607693,102,58630.67116768971,0.002746047509750039,7.602900959542035e-08,7.34355202806564e-08,0.001731868418669253
70,0.0087614833097056,48,51604.09149224425,0.006116990671365122,7.01470547249623e-08,6.742839220435558e-08,0.0015978830894588395
73,0.008947259799511,48,60431.84827111496,0.004916716339736666,6.602805685223954e-08,6.384284959013435e-08,0.0015040562413873623
89,0.0098792419395245,144,62106.79772101805,0.0015337018458559837,6.350220686995305e-08,6.145727107547841e-08,0.0014465197847388232
75,0.009068996821171,56,56411.3905717832,0.004250434975844099,6.216335676504317e-08,5.995942751830919e-08,0.0014160220546439002
72,0.0088857658763167,36,63823.07133912535,0.00528805595034067,5.6249995360646485e-08,5.448731004386626e-08,0.001281321314506031
48,0.0072551974569368,8,44674.03535585825,0.030352702208112644,5.0221395984854115e-08,4.797304767314207e-08,0.001143995563147396
90,0.0099345882657961,120,61301.760120933184,0.0014260017285402178,4.856467549722695e-08,4.698022913218226e-08,0.001106257048515257
86,0.0097113105792145,120,45806.20800847011,0.001908110868209925,4.8557401851359064e-08,4.643727866445915e-08,0.0011060913617907525
67,0.0085716813783851,24,50224.66567934148,0.00761027732496201,4.246929270814335e-08,4.07781199692629e-08,0.0009674100346150538
78,0.0092485983519724,48,54947.95952115357,0.003416415721303625,4.171668283591651e-08,4.019827584867045e-08,0.0009502662986092269
83,0.0095404237344191,72,43880.22591686205,0.0023739210428795937,3.472273055678311e-08,3.314011652819671e-08,0.0007909507276401085
101,0.0105242051402681,168,61035.61125717484,0.0006401625743665675,3.038988869033452e-08,2.939408024131986e-08,0.0006922527170843816
94,0.0101529569513429,96,62510.07371528516,0.0010657037615993405,2.9607653642769534e-08,2.866036141023679e-08,0.0006744341478032208
82,0.0094827771417995,48,50833.7461922006,0.0025532136550125636,2.8842092202970995e-08,2.7707330578520962e-08,0.0006569953874248676
85,0.0096546843788252,48,60207.33513095164,0.0020522227302395358,2.7457524818419622e-08,2.6545425827202047e-08,0.000625456261246793
98,0.0103667268557028,108,67504.66586410871,0.0007964397831759203,2.6881700722086848e-08,2.6085260938910927e-08,0.0006123395368220734
80,0.0093664196413876,24,57429.7424983806,0.002953445322133345,1.8846178259240527e-08,1.818985707654423e-08,0.00042929798919484787
76,0.0091292565991784,24,42126.61595217811,0.003951959527843632,1.849807569866887e-08,1.7619862470259174e-08,0.00042136854444316626
99,0.0104194840760943,72,67176.15252088053,0.0007405119258060527,1.6581580690492786e-08,1.6087906073288753e-08,0.0003777126136759534
84,0.0095977240918616,48,32104.455621781704,0.002207218775742595,1.5747012718531444e-08,1.4766026595979177e-08,0.00035870195022572537
91,0.0099896279571426,48,50654.92483661352,0.0013258645644160909,1.4924793300894756e-08,1.4335520161154273e-08,0.0003399725750806442
93,0.010098807461507,48,55267.8906594209,0.0011461920372099707,1.4077248041604345e-08,1.3567829358399912e-08,0.0003206663013863158
110,0.010983100574771,144,57076.91123169496,0.0003324315891667334,1.264944553698729e-08,1.220620341809831e-08,0.0002881423203558949
88,0.009823583795562,24,64392.74885633282,0.0016495361154924108,1.1802018312705957e-08,1.1435454731485423e-08,0.0002688387353866414
104,0.010679361496276,72,66444.67875633154,0.0005145500391573008,1.1396370685288223e-08,1.1053337325850023e-08,0.00025959846882561016
105,0.0107305817493449,96,51342.383251332816,0.00047841713644762677,1.091692265488855e-08,1.0491662978046215e-08,0.0002486770993817501
64,0.0083775804095727,6,36364.96465345941,0.009468106798651099,9.56409358522572e-09,9.038087651967325e-09,0.00021786094178513857
102,0.0105761768397507,48,62885.98896611889,0.0005952088667429366,8.317844050340543e-09,8.053306776232571e-09,0.00018947256447055506
97,0.0103136997721243,48,43301.18263151629,0.0008565916444017292,8.242540274415585e-09,7.861832876903707e-09,0.0001877572161840921
106,0.0107815586716674,72,52483.84982653105,0.0004448215703599592,7.78198283279127e-09,7.485435119217965e-09,0.00017726615635868165
117,0.0113271733991389,120,62337.870560827854,0.00019968988530391643,6.915690123545613e-09,6.693812473207928e-09,0.00015753283361188172
114,0.0111810101994616,96,56514.60140387988,0.00024843840505865607,6.2401766379136025e-09,6.019342500083685e-09,0.00014214527985606198
100,0.0104719755119659,30,64253.18547320342,0.0006885114528990681,6.144313067159525e-09,5.953059885798673e-09,0.00013996159902721354
96,0.0102603986412949,24,59444.79850987149,0.0009212865313342558,6.085076913891471e-09,5.88034657359497e-09,0.00013861225587998184
109,0.010933063409873,72,49454.47969312532,0.00035753879656772944,5.8939650514544144e-09,5.655605853742595e-09,0.00013425890969345284
122,0.0115666750092808,120,71402.47724642753,0.0001387559534447642,5.504177115914519e-09,5.3500038343092245e-09,0.00012537991180656608
113,0.0111318626639584,96,43891.9603446956,0.0002672019484927435,5.212452145452842e-09,4.974939302348182e-09,0.00011873469485624251
107,0.0108322956985968,72,36850.466070732735,0.0004135851632044669,5.080268674674889e-09,4.8045452325385776e-09,0.00011572368130064549
125,0.0117080245517345,144,59428.60372536014,0.00011152929605258273,4.418686892584874e-09,4.269981164514764e-09,0.00010065347848114648
116,0.0112786627976427,72,59771.39527052832,0.00021477165108547142,4.2790670833112354e-09,4.135885982587587e-09,9.747307221795344e-05
126,0.0117547633585389,144,59063.887349330704,0.00010369744900784369,4.0831829644081624e-09,3.944919699064371e-09,9.301101857484614e-05
129,0.0118938778263839,144,69453.55258819516,8.334996231276304e-05,3.859300660475715e-09,3.748167377392031e-09,8.791119294588157e-05
118,0.011375477129571,72,62260.7291514705,0.00018566719625773794,3.8532583395053125e-09,3.72948020866682e-09,8.777355462966796e-05
121,0.0115191730631625,78,57193.13079096968,0.00014923562690178163,3.0821745962460374e-09,2.9743933101503063e-09,7.020900143863903e-05
108,0.0108827961854053,32,53842.18424638624,0.00038454224934378274,3.0673473540278147e-09,2.9534089097778048e-09,6.987125098430133e-05
131,0.0119857238067382,120,68819.31620038483,7.205491848008977e-05,2.754872343707916e-09,2.674811323174483e-09,6.275336789104348e-05
134,0.0121221880576531,168,56970.69371148876,5.791632096283226e-05,2.566303430809839e-09,2.4762113759787665e-09,5.845794767277663e-05
115,0.0112299426441855,48,48778.37363552846,0.00023099248136572572,2.50387501401227e-09,2.4012116889608363e-09,5.703588780306942e-05
123,0.0116139826709684,48,72807.94089945014,0.00012901218707672205,2.0873581537757295e-09,2.0300194039638534e-09,4.7548030471696394e-05
137,0.0122571330839966,96,80384.55662973541,4.655199540329317e-05,1.6631384492103122e-09,1.6217588977407183e-09,3.788470968370205e-05
120,0.0114714744190909,48,43342.22008300121,0.00016050678752052412,1.5459378910066815e-09,1.4746015409975599e-09,3.5214992604874e-05
130,0.0119398891309835,48,78868.68563594123,7.749693374428014e-05,1.3582402900504439e-09,1.3237972083863194e-09,3.093942004269146e-05
138,0.0123017858114192,96,67777.22353501651,4.328300581463814e-05,1.303823093496066e-09,1.2653493105497209e-09,2.9699848139196334e-05
146,0.0126533361545441,192,55161.31752512472,2.4174099565430935e-05,1.1853112729001914e-09,1.1423350958949809e-09,2.7000261752089766e-05
149,0.0127826751493414,168,66466.73637239516,1.943066398452392e-05,1.004494416022179e-09,9.742689387129196e-10,2.2881425985893874e-05
141,0.0124347819556168,96,56919.440110963485,3.479002557874073e-05,8.801016788391203e-10,8.491772116580174e-10,2.0047877920680875e-05
133,0.0120768713081607,48,62363.70433732443,6.229050539567402e-05,8.632592581151838e-10,8.355745890504397e-10,1.9664223619501036e-05
139,0.0123462770445697,72,56410.65671916638,4.0243572292006564e-05,7.567221139057793e-10,7.298930657111083e-10,1.723740895423946e-05
145,0.0126099283554135,96,62935.49720298321,2.5999871096479132e-05,7.27251028742394e-10,7.041400322121904e-10,1.6566085706311033e-05
132,0.0120313838723001,48,46749.86160252586,6.699505420826921e-05,6.960021138422896e-10,6.662265341941699e-10,1.585426519041635e-05
140,0.0123906085230912,48,74950.67759596878,3.7417574873566195e-05,6.23216131282596e-10,6.065860980054555e-10,1.4196269838540329e-05
153,0.0129531183434151,144,52039.83613790016,1.4521252873852158e-05,5.037890800481853e-10,4.844274095497157e-10,1.147583536927257e-05
147,0.0126965955496395,56,86147.93334553695,2.2476537965546113e-05,5.020055948688919e-10,4.903510937015717e-10,1.1435209275711448e-05
136,0.0122123170908543,48,40750.6910342829,5.006787849506296e-05,4.5340014384318386e-10,4.3114775340093366e-10,1.0328023399497307e-05
142,0.0124787990205374,48,61945.101864507065,3.2346988917888345e-05,4.452750052285944e-10,4.3089856570953283e-10,1.0142940481295449e-05
150,0.0128254983016186,120,41183.11867243702,1.806619748387626e-05,4.133457527434217e-10,3.932721999835592e-10,9.415622523254888e-06
128,0.0118476878350889,12,77312.78721619344,8.964504635065758e-05,3.850393551941215e-10,3.750787944884929e-10,8.7708297497754e-06
155,0.0130375043716573,96,68556.81735600461,1.2553427296436994e-05,3.8249912104609503e-10,3.713405190048177e-10,8.712965635532653e-06
161,0.0132874473285268,192,49522.9641405486,8.110301172027269e-06,3.5701880365453844e-10,3.4260049045982334e-10,8.132548276120359e-06
154,0.0129953798532305,96,58636.02858750025,1.3501536660880455e-05,3.518562176100307e-10,3.398548516892481e-10,8.014949483544688e-06
152,0.0129107184969422,72,62050.60376180434,1.5617984109713343e-05,3.230351145166597e-10,3.126231251101842e-10,7.3584322080437515e-06
157,0.0131213477075888,72,60162.58775419436,1.0852268620067408e-05,2.1763352106229842e-10,2.1039867531558678e-10,4.957484307335866e-06
166,0.0134921966360017,120,64232.86065037145,5.6355011178261386e-06,2.0110242110907716e-10,1.9484075320038146e-10,4.5809215967705396e-06
164,0.0134106720428945,96,69132.598554751,6.518899968141793e-06,2.0029710867383364e-10,1.9450253092437423e-10,4.562577346579967e-06
158,0.0131630691092419,96,43883.89836607602,1.009019703054681e-05,1.9679874710319925e-10,1.8782968307604653e-10,4.4828880022953504e-06
170,0.0136537855889663,144,66419.49716459833,4.2116181345115075e-06,1.8648903916237198e-10,1.8087354831635662e-10,4.248042675709669e-06
173,0.0137737333008579,168,68846.28310155323,3.3852155105640633e-06,1.8126850420004867e-10,1.760026134058379e-10,4.129123861984243e-06
144,0.0125663706143591,30,46264.200962218274,2.796353573393466e-05,1.796820328901285e-10,1.7191438407514662e-10,4.092985556705818e-06
162,0.013328648814475,108,41290.438130770846,7.540776925804205e-06,1.5568099155643146e-10,1.4814021463062725e-10,3.546264696836705e-06
148,0.0127397080524774,24,66794.26918273115,2.089818309671791e-05,1.5509765191024204e-10,1.504536112220825e-10,3.532976775345038e-06
174,0.013813484417568,144,59060.90500555482,3.1474977894753895e-06,1.2392937863293316e-10,1.1973271491363268e-10,2.8229931988040706e-06
165,0.0134514961009288,96,45468.71914917476,6.061127622601689e-06,1.224852042663918e-10,1.170975352685236e-10,2.790096282353704e-06
171,0.0136938848987676,120,52449.23290168553,3.915868495557371e-06,1.1410238818658971e-10,1.0975142319152598e-10,2.5991437169398237e-06
169,0.0136135681655557,78,54836.74537574166,4.529704542190519e-06,8.969792527490957e-11,8.642647199443866e-11,2.0432332977954213e-06
185,0.0142434266094204,192,70650.58406292355,1.4129788536696923e-06,8.873580558251016e-11,8.622384317598627e-11,2.0213171276504578e-06
179,0.0140105483586673,120,67898.15978332919,2.1870614832557226e-06,8.249858335892332e-11,8.006851504419474e-11,1.879239146538591e-06
181,0.0140886021568152,120,72688.00351593002,1.8906851606676541e-06,7.635007200340399e-11,7.424931071377325e-11,1.739181914501537e-06
182,0.0141274673400525,144,58223.11998166938,1.7579168431742732e-06,6.823426885195545e-11,6.589037972772308e-11,1.554311649257719e-06
168,0.0135732315786256,48,62739.92699066683,4.871814723991265e-06,6.792384446561502e-11,6.575859347717446e-11,1.5472404774254326e-06
178,0.0139713579368407,96,59997.77639671127,2.352241351981734e-06,6.272411140768795e-11,6.063323020592641e-11,1.4287955112677144e-06
163,0.0133697233303775,24,77837.8616046087,7.0112459992058514e-06,6.063782175133906e-11,5.907976708484886e-11,1.3812718201496255e-06
160,0.0132461176877281,24,61145.00593994271,8.722839270831137e-06,5.926200655868171e-11,5.732359783183034e-11,1.3499320605661712e-06
189,0.0143965861377924,192,61405.991744557,1.055971286204074e-06,5.7638190296121434e-11,5.576090800953641e-11,1.3129430728387936e-06
186,0.0142818704758578,144,64417.371930744215,1.3137561861635613e-06,5.6419147246942774e-11,5.466747233205803e-11,1.2851744333536099e-06
194,0.0145857740959826,240,57291.7366240917,7.33749245258697e-07,4.670863167498593e-11,4.507807779663327e-11,1.063978138182075e-06
180,0.0140496294620814,72,66306.10707957833,2.033480929799888e-06,4.494406809186396e-11,4.358841413866404e-11,1.023783060558351e-06
177,0.0139320572740744,48,60939.52134780039,2.5298965851366102e-06,3.426015265725773e-11,3.3135754174974794e-11,7.804136437082587e-07
172,0.0137338671295425,24,66550.70115087433,3.640887085380575e-06,2.6922620927026727e-11,2.6113534908053265e-11,6.1327166011288e-07
195,0.0146233179781563,96,70096.7518564563,6.82223663537494e-07,2.125407237937345e-11,2.06476513451179e-11,4.84147523660029e-07
206,0.0150301123919225,240,61223.81344969229,3.062647456893346e-07,2.0834106284779185e-11,2.0153517961025112e-11,4.745810960554863e-07
187,0.014320211136726,48,71663.04062001758,1.2215011655698988e-06,1.9452552810140997e-11,1.890966340322104e-11,4.431106238743943e-07
198,0.014735375693343,120,60954.64385954321,5.483579122610531e-07,1.856942291635285e-11,1.7960136347173906e-11,4.229937661016403e-07
184,0.014204878699472,48,54982.52330578396,1.5196954061527108e-06,1.8568152908107608e-11,1.7892732727595294e-11,4.2296483652353464e-07
176,0.0138926454347924,24,61042.63290174471,2.7209693963135308e-06,1.845501511067209e-11,1.7850355244824636e-11,4.2038766526510254e-07
197,0.0146981180466321,120,48924.679186320274,5.897731576281626e-07,1.6030256960922752e-11,1.5374953452447013e-11,3.6515398426875404e-07
201,0.014846587653655,144,54412.24848296131,4.4075926416867286e-07,1.5988468402075344e-11,1.5400789383183777e-11,3.642020807030671e-07
209,0.0151391593771754,240,57171.65252935512,2.461695562926232e-07,1.563768926185264e-11,1.509064580342459e-11,3.562116660164572e-07
200,0.0148096097938612,84,80157.74431211822,4.740480207731048e-07,1.4777241126976318e-11,1.4408537110819457e-11,3.3661147710665813e-07
190,0.0144346220987633,48,54061.44041655087,9.818185219538847e-07,1.179522744988355e-11,1.135886366234849e-11,2.686840460000477e-07
203,0.0149202684419593,96,60535.41790382957,3.8103044041991576e-07,1.0251483086622149e-11,9.912789361804446e-12,2.3351901986781017e-07
196,0.0146607657167523,54,62434.93636598293,6.343163282252968e-07,9.900874897162587e-12,9.583716733049939e-12,2.2553249927674887e-07
193,0.0145481333258877,48,55913.83464728624,7.891663448407102e-07,9.805625892139275e-12,9.454885294432292e-12,2.2336281766985497e-07
205,0.014993587155934,96,64440.21263977975,3.2939567770733065e-07,9.43392333959322e-12,9.141127181631147e-12,2.1489578758069756e-07
202,0.0148834736425639,72,47333.7072434907,4.098081216195401e-07,6.465912551581382e-12,6.192707137168355e-12,1.4728732894917846e-07
211,0.0152114230783968,72,86225.32474376576,2.128102619217146e-07,6.1165446476685635e-12,5.974671139720754e-12,1.3932906088146277e-07
210,0.0151753342420768,96,56848.250654486845,2.2888295644673293e-07,5.7829314127217194e-12,5.579479895880179e-12,1.3172966916599675e-07
221,0.0155677107881122,192,62407.93226061921,1.027504383024283e-07,5.699948794068337e-12,5.517281348197353e-12,1.298394041565085e-07
218,0.0154616865525274,120,74472.4329528864,1.2783399105110928e-07,5.288949070918676e-12,5.146911303084109e-12,1.2047722195273586e-07
204,0.0149569727248316,48,58050.91403224528,3.542735950494536e-07,4.570201335580068e-12,4.412746404446978e-12,1.041048331705208e-07
213,0.0152833451015295,96,54469.29398878959,1.839716017741851e-07,4.453690338945161e-12,4.290160026256997e-12,1.0145082364740018e-07
230,0.0158815371920791,240,72241.94859703667,5.335752644749609e-08,4.282946314316707e-12,4.164374033322271e-12,9.756143740517407e-08
212,0.0152474264969933,72,64742.73803786117,1.9786622945749524e-07,4.2701338201019816e-12,4.1382230004636515e-12,9.726958099124806e-08
219,0.0154971085612717,96,78601.21542724193,1.1885719033175809e-07,4.152142054374762e-12,4.04649121852431e-12,9.458184095868157e-08
222,0.0156028921002978,144,65122.28011208079,9.553506310464378e-08,4.147640760017285e-12,4.02026067587776e-12,9.447930576083627e-08
214,0.0153191794885914,72,72408.81806035858,1.7105268722284332e-07,4.128574302618095e-12,4.014539177802866e-12,9.404499002265588e-08
217,0.0154261832070469,96,63598.36650265255,1.3748877305982627e-07,3.886249501803935e-12,3.764037259084089e-12,8.852506188175793e-08
216,0.0153905979619423,96,56448.83169012976,1.4787274153039412e-07,3.709885999203235e-12,3.578443562287329e-12,8.450766928404555e-08
192,0.0145103949138737,8,104205.11107402772,8.487688728179422e-07,3.2757798025248508e-12,3.2129080341679662e-12,7.46191436228984e-08
227,0.0157776219833566,120,79392.81489280485,6.638322591209293e-08,2.927972870458911e-12,2.8542137305565853e-12,6.669643300698204e-08
225,0.0157079632679489,150,54333.90470699038,7.678919766597076e-08,2.8974006586868776e-12,2.7907489952619178e-12,6.600002714376477e-08
234,0.016019042244414,216,56540.85108264097,3.987605029268988e-08,2.2546258213628805e-12,2.1748737207775004e-12,5.135822861185608e-08
226,0.0157428311538447,96,64658.54182095678,7.139688127831267e-08,2.051741437342074e-12,1.9882775428724624e-12,4.6736715597329516e-08
229,0.0158469745021616,120,57362.26249788605,5.738740365104386e-08,1.828817395724068e-12,1.7650536138895745e-12,4.1658718271114314e-08
233,0.0159847768741728,144,63446.501443448346,4.288772637179009e-08,1.8140507954359984e-12,1.7568671602736116e-12,4.1322349182182235e-08
237,0.0161214013833171,144,67350.11215302146,3.20515819904699e-08,1.4391184278266073e-12,1.3963829851726472e-12,3.2781746982377854e-08
208,0.0151028978655186,24,40093.00909855043,2.64761742796753e-07,1.1794549958775875e-12,1.1206190530338644e-12,2.686686133979455e-08
224,0.0156730178113853,48,57056.93522737179,8.258877380368959e-08,1.0471694038722616e-12,1.010463282181733e-12,2.3853521559911505e-08
245,0.0163912343724283,168,73371.10487880737,1.7901209023825174e-08,1.0215578214679674e-12,9.93711496319795e-13,2.3270114108542914e-08
241,0.0162568777262716,144,63536.92361939336,2.395333105761614e-08,1.0146139772251996e-12,9.826762024817115e-13,2.3111939950912796e-08
238,0.0161553769771321,96,72891.79186008881,2.9800845219271982e-08,9.654386697679538e-13,9.389490295730452e-13,2.1991773287993587e-08
242,0.0162905707732473,132,55294.61248480807,2.227127233676461e-08,7.52571950414182e-13,7.253515064470253e-13,1.7142872183056207e-08
228,0.0158123362651105,48,46034.32409073079,6.172164110808864e-08,6.314031178181165e-13,6.039712773256327e-13,1.4382761593468996e-08
249,0.0165244986337499,144,62470.36027332672,1.3378234690779465e-08,5.571620939694073e-13,5.393244477150346e-13,1.2691621786999712e-08
254,0.0166895826386691,192,65740.81751563054,9.295962622751365e-09,5.432214954794842e-13,5.266953397057041e-13,1.2374068232237896e-08
251,0.0165907293546507,168,58439.363768618336,1.1565303490291962e-08,5.256758715939448e-13,5.07685399497935e-13,1.1974395632858869e-08
244,0.0163577486696869,72,80350.04610719181,1.925321461636359e-08,5.156655607121579e-13,5.028300843012489e-13,1.174637028609344e-08
235,0.0160532344759414,48,61847.361128000426,3.707586112540545e-08,5.095653715898984e-13,4.930872110897183e-13,1.1607413788501667e-08
236,0.0160873540351043,72,42981.020173319885,3.447230776620742e-08,4.938849851734177e-13,4.709034466626126e-13,1.1250229521973104e-08
250,0.0165576471096601,144,58912.94046947876,1.2438783877984822e-08,4.885368894109547e-13,4.719518442403083e-13,1.1128404994725988e-08
246,0.0164246518064496,144,43966.92316211428,1.664414441431966e-08,4.878612123756841e-13,4.656690198232579e-13,1.1113013715465186e-08
243,0.0163241942781079,104,47076.90050502688,2.0707331698682122e-08,4.693659601238821e-13,4.494255666362624e-13,1.0691709486452232e-08
248,0.0164912835275357,96,63452.98951753426,1.4388638406872583e-08,4.057787208901675e-13,3.929888200840585e-13,9.243252745462798e-09
261,0.016917994196464,216,60316.58222430041,5.584035243400726e-09,3.368099209019712e-13,3.2564185041516977e-13,7.672209176584475e-09
257,0.0167878538469532,192,48759.97648247037,7.471911234852554e-09,3.2384908096934813e-13,3.105656832184991e-13,7.376973588508508e-09
232,0.0159504378938591,24,50737.50106682114,4.6126862109987674e-08,2.600401906127346e-13,2.497897768105151e-13,5.923467846068788e-09
266,0.0170792751950354,240,59260.1435776317,3.88010706244819e-09,2.5548411290806943e-13,2.468616527692957e-13,5.819684735757326e-09
269,0.0171753168623303,264,55813.47933927525,3.1187534555465927e-09,2.127503663455415e-13,2.0512674678753872e-13,4.846250694239628e-09
258,0.0168204833312807,96,64706.25562261852,6.947216217539585e-09,1.9979037708342996e-13,1.936150737789503e-13,4.551034483627625e-09
260,0.016885553142268,96,65705.78678282221,6.005774739765004e-09,1.7538406867407062e-13,1.7004560223872394e-13,3.995082025803983e-09
270,0.0172072116286364,192,65761.29142214636,2.8997473208481018e-09,1.695032254372268e-13,1.643481190890524e-13,3.8611220185484365e-09
253,0.016656696729596,48,74515.99695786934,9.99804891408816e-09,1.6555879610373828e-13,1.61115218808588e-13,3.7712716755189405e-09
264,0.0170149462463237,96,78533.36779746442,4.488337288369186e-09,1.5665966358514284e-13,1.526700304399258e-13,3.5685579134362583e-09
259,0.0168530496412111,96,52027.55238819629,6.459366506939996e-09,1.4936223525972493e-13,1.4362057614244495e-13,3.4023294472028247e-09
262,0.0169503731623472,72,72830.08997850974,5.191911277172935e-09,1.2604245515898143e-13,1.2258118097419948e-13,2.8711270692986135e-09
281,0.0175542297426071,240,69604.70153431795,1.301758386945969e-09,1.0067611554796595e-13,9.778331913253048e-14,2.293306015159789e-09
265,0.0170471410646043,96,47370.8180893409,4.1731557856436224e-09,8.786035714675757e-14,8.415088533729658e-14,2.001375246174934e-09
274,0.0173342038431999,144,59355.493800577526,2.167088276028483e-09,8.57523964887419e-14,8.286294545403726e-14,1.9533579102811558e-09
278,0.017460272441246,168,67249.23370431531,1.6195451108222752e-09,8.471024150739767e-14,8.219094911278524e-14,1.929618612490045e-09
273,0.0173025431704815,96,57588.41841141055,2.3307596495548286e-09,5.965544973999827e-14,5.758366338483842e-14,1.358894321470119e-09
276,0.017397352335918,96,69573.75959702382,1.873418592349746e-09,5.792923323054932e-14,5.6263972259571774e-14,1.3195727536579272e-09
275,0.0173658067934905,120,49955.987218483744,2.014910287723467e-09,5.5920462544391625e-14,5.368167333580999e-14,1.2738148708416471e-09
285,0.0176787293859361,192,59034.63129657088,9.728521234556534e-10,5.105063681270272e-14,4.932112192655933e-14,1.1628848793290004e-09
290,0.0178331317007788,240,63289.77197567427,6.759932970335718e-10,4.753717958482112e-14,4.603497225807985e-14,1.0828516703513593e-09
286,0.017709717541858,144,78821.6528063651,9.04536180490572e-10,4.7531357846282314e-14,4.632530960562822e-14,1.0827190566928261e-09
267,0.0171113489795218,48,50142.78542744372,3.6076369034330957e-09,4.0199325144216266e-14,3.859593096491267e-14,9.157023357210556e-10
272,0.0172708244578869,48,63308.86298607508,2.506792456996361e-09,3.526715115433536e-14,3.4153021173448094e-14,8.033521102753833e-10
283,0.0176165895473187,72,93532.68173783108,1.1253525718485724e-09,3.5085747981854067e-14,3.433551293395502e-14,7.992199187982279e-10
277,0.0174288407822007,72,60165.41775679252,1.7418627735168605e-09,3.493330048121573e-14,3.377205863220449e-14,7.957473099445082e-10
282,0.0175854372867855,96,61822.1070701136,1.2103458797694814e-09,3.325605892043543e-14,3.218019591619589e-14,7.575413448128791e-10
293,0.0179251347105403,216,59345.66886508311,5.433500666653639e-10,3.224547313414352e-14,3.1158773000812795e-14,7.345211632144538e-10
294,0.017955697622266,168,60757.03711994072,5.051947589167184e-10,2.3873217449124213e-14,2.3087358935253763e-14,5.438091535346322e-10
268,0.0171433627567702,24,62980.84426882939,3.3543002338696484e-09,2.347296229558248e-14,2.2727562243611448e-14,5.34691722392003e-10
297,0.0180470758084502,192,61734.45942135321,4.0606557363936736e-10,2.2282878825109367e-14,2.1560984471972717e-14,5.075827545248635e-10
299,0.0181077384192066,192,62178.25004136118,3.5103821278727415e-10,1.9401726016675273e-14,1.877765808283123e-14,4.4195283793329197e-10
289,0.0178023583703421,102,51687.92864776425,7.270483244840788e-10,1.7745932573054544e-14,1.7059275822152912e-14,4.0423544048058226e-10
280,0.0175229666194112,48,56768.199497252586,1.4000749094190614e-09,1.766216261533314e-14,1.7039907100035777e-14,4.023272406370886e-10
256,0.0167551608191455,6,78794.08553614769,8.036234335210746e-09,1.7589103766586734e-14,1.714264630351947e-14,4.0066302965339255e-10
291,0.0178638520193309,96,61790.8628123668,6.285234725747213e-10,1.726089229698533e-14,1.67022047658078e-14,3.93186685007152e-10
306,0.0183184756362814,240,69143.7643289567,2.1086678502633486e-10,1.6200136987406303e-14,1.5731544131792227e-14,3.6902368945622344e-10
296,0.0180166679084873,120,63169.07602407515,4.367340567439121e-10,1.5326714907088295e-14,1.4841454844039504e-14,3.4912796642733535e-10
305,0.0182885189921383,192,58669.265063807405,2.2679269663693492e-10,1.1827342963135997e-14,1.1424155946892558e-14,2.694156068009478e-10
302,0.0181983531890143,144,58371.73869487229,2.821575852261231e-10,1.0980019223730278e-14,1.0603809110095445e-14,2.5011437911858834e-10
314,0.0185563878846852,312,58798.489894558974,1.1777173420209936e-10,1.0002489067056525e-14,9.662259612694904e-15,2.2784717327638496e-10
292,0.0178945195990221,48,72725.71146771184,5.843870897993557e-10,9.444437084045279e-15,9.184709488578898e-15,2.151352806646582e-10
288,0.0177715317526334,36,63120.25422266252,7.819593307429683e-10,8.226245291379868e-15,7.965592181132212e-15,1.8738603199199907e-10
309,0.0184080530684462,144,68213.62130240178,1.6949055886255052e-10,7.707709864388305e-15,7.481722452571572e-15,1.7557428888569458e-10
298,0.0180774325596081,72,58175.51789648861,3.7755070287950714e-10,7.321402557399541e-15,7.0697020888132015e-15,1.6677457640179938e-10
301,0.018168198481987,96,53103.96718202151,3.0346780135149334e-10,7.162375183897744e-15,6.892626027140862e-15,1.631520843117765e-10
321,0.0187620865125795,240,61658.89118757558,7.074485356162549e-11,4.846721364263595e-15,4.6895105785710935e-15,1.1040369603030167e-10
300,0.0181379936423421,56,54586.10670814827,3.2638749152643075e-10,4.619020632765412e-15,4.449782674196151e-15,1.0521689025855655e-10
313,0.0185268159330108,96,80629.17841986545,1.2666655482968348e-10,4.539120110752097e-15,4.426527617570157e-15,1.033968324747395e-10
315,0.0185859127846368,144,61316.05603761657,1.095015286048896e-10,4.476134576094722e-15,4.33013253795487e-15,1.0196208199085741e-10
308,0.0183782424366287,96,55173.96681289648,1.8229149220507822e-10,4.47010877386505e-15,4.30807189190498e-15,1.0182481995582302e-10
318,0.0186742074041128,144,75581.5314924887,8.8015166908479e-11,4.434880739673236e-15,4.3175271837952645e-15,1.010223588926938e-10
307,0.0183483833715199,72,67372.96373802904,1.9605922803820306e-10,4.403030420374607e-15,4.272324268349138e-15,1.0029683895745647e-10
310,0.0184378155018962,96,59074.12069621417,1.5758853688695628e-10,4.1375129992888244e-15,3.997434299833752e-15,9.424860501843813e-11
326,0.0189076440589958,264,64663.78911695769,4.915757046138564e-11,3.88509582977637e-15,3.7649328797596496e-15,8.849878233187723e-11
317,0.0186448223231167,120,65272.40718359868,9.466259489672198e-11,3.4326974661971595e-15,3.327516805200802e-15,7.819357853256747e-11
329,0.018994443187295,288,62219.04831947844,3.951188466587497e-11,3.2778558149596454e-15,3.1724907891839785e-15,7.466643320869885e-11
325,0.0188786223318982,168,66462.68610359884,5.2870242051950876e-11,2.7330320124489684e-15,2.650789413701489e-15,6.225586594853593e-11
322,0.0187912882213208,96,72186.5952655516,6.577698510097871e-11,2.1103184894544745e-15,2.0518500582536047e-15,4.8071045048049084e-11
312,0.0184971967039449,48,58603.63841585614,1.3623316512341164e-10,1.7741686998088977e-15,1.7136206264207147e-15,4.041387303269043e-11
341,0.0193377440393176,336,66227.22954552702,1.649214276824697e-11,1.6990227719271267e-15,1.6477138833148028e-15,3.870212037429626e-11
324,0.0188495559215387,102,60656.9098839034,5.68633166447294e-11,1.6287667291146293e-15,1.5750624856168292e-15,3.71017546400178e-11
323,0.0188204446208899,96,54501.34644264145,6.115797193933082e-11,1.4814185850643614e-15,1.4270559433405117e-15,3.3745304272084057e-11
304,0.0182585131983569,24,53823.26614341325,2.439214276512221e-10,1.458738657617005e-15,1.4045338959167337e-15,3.322867712814514e-11
334,0.0191382336058356,144,66823.94975165564,2.745511732289378e-11,1.2231062536072431e-15,1.1864994305100512e-15,2.786119541174248e-11
338,0.0192524927320195,180,55894.15309432311,2.051822323954076e-11,9.557072591453246e-16,9.215102204127567e-16,2.17701010234709e-11
342,0.0193660777454133,216,58912.0170911992,1.5334026074497112e-11,9.03358406177668e-16,8.726903540286739e-16,2.0577644016721917e-11
330,0.0190232882201424,96,52928.68093576149,3.673726805745776e-11,8.642022842065442e-16,8.315469348221373e-16,1.9685704855601563e-11
333,0.0191095620787161,120,50307.3128545898,2.952869079577635e-11,8.252828255830929e-16,7.924731691433414e-16,1.8799156660112243e-11
339,0.0192809517168551,144,64839.48263009553,1.9077385793865923e-11,8.246452165393338e-16,7.992087021475127e-16,1.878463253343717e-11
332,0.0190808474688383,72,72996.05523793012,3.175887284901593e-11,7.727574789270553e-16,7.515848970277114e-16,1.7602679295257478e-11
331,0.0190520895814039,72,62758.53889294261,3.4157491492457306e-11,7.145580861049128e-16,6.917864251099412e-16,1.627695256343818e-11
328,0.0189655542835991,48,61835.63116520849,4.249605679463907e-11,5.839489986509009e-16,5.650618622977279e-16,1.3301801960313147e-11
350,0.0195912722642316,240,58397.33025294899,8.564245160128013e-12,5.556989477591283e-16,5.366672918477328e-16,1.2658292710020256e-11
349,0.0195632647127216,168,74470.48368458741,9.211067804171812e-12,5.335187469330485e-16,5.191904192376701e-16,1.2153048862509408e-11
320,0.0187328392827752,24,58282.42656904555,7.608792494475739e-11,4.9273209982043015e-16,4.758236720549286e-16,1.1223967891789962e-11
337,0.0192239916168634,96,46516.00380502522,2.2067881283968822e-11,4.562265110106393e-16,4.366106165360004e-16,1.0392405351372354e-11
336,0.0191954481837232,48,75937.92118316918,2.3734578704892006e-11,4.005232371128477e-16,3.8997453546622905e-16,9.123537831021548e-12
353,0.0196750557067813,192,64727.82972639206,6.883771183994863e-12,3.960636169538345e-16,3.838258015156214e-16,9.021951931721329e-12
344,0.0194226211584291,120,51345.23368571872,1.3256058768489363e-11,3.7813079734428167e-16,3.6340184315707125e-16,8.61345938256483e-12
354,0.0197029043487548,192,65150.08297353238,6.400376731484996e-12,3.7065340010498974e-16,3.5927495258234975e-16,8.443131395899141e-12
346,0.0194790004385831,120,55081.36248773056,1.145968405296583e-11,3.5067500628682015e-16,3.3794202400574694e-16,7.988042614741203e-12
347,0.0195071289737253,120,54718.398475461545,1.0654958336400103e-11,3.2390125332810094e-16,3.1206241073210083e-16,7.378162025145158e-12
340,0.0193093687576505,48,73468.22913048438,1.77377273109443e-11,2.8959098096322363e-16,2.8170754660280393e-16,6.5966067022378525e-12
345,0.0194508312258137,96,49394.706680478856,1.2325187433643211e-11,2.705773413629913e-16,2.596216191997529e-16,6.163494103207166e-12
362,0.0199242922450469,216,63862.60383932344,3.5746903767688225e-12,2.2828903537982916e-16,2.211396546262915e-16,5.200206773791895e-12
356,0.0197584838790491,144,61110.96264095139,5.533039377972915e-12,2.254195751454771e-16,2.1804218930817992e-16,5.134843202900385e-12
365,0.0200066811240579,240,57240.16115293467,2.8732655531470706e-12,1.8274020366368257e-16,1.763551691011335e-16,4.1626477739278965e-12
355,0.0197307136841882,96,65190.37981107759,5.950927363795522e-12,1.724192066995399e-16,1.6712949348727723e-16,3.927545294144224e-12
369,0.0201160080643417,288,57616.57752373474,2.1472974729124806e-12,1.649599084194422e-16,1.592337818250089e-16,3.7576295845291766e-12
361,0.0198967534727353,126,70114.60000990645,3.844672218473148e-12,1.5724779861434262e-16,1.5276234769279062e-16,3.581955069185155e-12
374,0.0202518368056041,336,66317.94357686481,1.4920650974887907e-12,1.5392329391953254e-16,1.4928131361623406e-16,3.506226018927922e-12
360,0.0198691765315922,120,59407.46044880296,4.135044691859009e-12,1.364736133253593e-16,1.318791192232937e-16,3.1087389163373508e-12
357,0.0197862150981403,96,49598.98210816884,5.144496460241129e-12,1.1340523906090566e-16,1.088323533184691e-16,2.5832633239122154e-12
366,0.0200340687907116,144,60234.9151257468,2.671498150970224e-12,1.072783095881873e-16,1.0371631205356033e-16,2.443697706607976e-12
371,0.0201704493223906,192,61532.97839393007,1.8563097099264206e-12,1.0153268024297337e-16,9.823257409199306e-17,2.3128177430084673e-12
358,0.0198139075051114,72,60230.99505030819,4.783237931540772e-12,9.603306005969287e-17,9.284423477199903e-17,2.1875416337866892e-12
363,0.0199517930065763,104,53378.85072935825,3.3236672890775447e-12,8.542133412112495e-17,8.222076562053176e-17,1.945816624893687e-12
370,0.0201432470857082,144,58057.59719421284,1.996509240917484e-12,7.727501953580729e-17,7.461300721458397e-17,1.7602513382493877e-12
377,0.0203328985177844,192,64940.54038578269,1.199292468944634e-12,6.922906756787915e-17,6.709699206753313e-17,1.5769722164308151e-12
381,0.0204404807423761,240,68358.937386385,8.962755583195413e-13,6.807604974679199e-17,6.608432628385968e-17,1.5507075687505438e-12
352,0.019647167591124,24,71203.49859118708,7.403674455676241e-12,5.857416929715011e-17,5.692890830699983e-17,1.3342637829341254e-12
378,0.0203598473679385,192,55586.69682569816,1.1150753572875178e-12,5.509631628742072e-17,5.3113960096687357e-17,1.2550416041319049e-12
373,0.0202247440352057,120,57230.80584665722,1.6047547126736204e-12,5.1023002995851196e-17,4.923994220399162e-17,1.162255407303163e-12
386,0.0205741674566824,240,58921.93069378117,6.227835198292224e-13,4.077289710289615e-17,3.938893372549788e-17,9.287677585952711e-13
389,0.0206539641393439,264,66519.79444341216,5.005810982183395e-13,4.0698229923684005e-17,3.947458723915028e-17,9.270669113755486e-13
376,0.0203059139026858,96,66285.45040535922,1.2898701569065527e-12,3.7999833028880985e-17,3.6853281778297385e-17,8.656000004159979e-13
364,0.0199792559142852,48,45836.41955432508,3.0902716275157915e-12,3.1477108190142407e-17,3.010365413346872e-17,7.170185416807879e-13
390,0.0206804946116029,192,59432.48905819695,4.654291270905745e-13,2.4588099113934865e-17,2.3760669554662735e-17,5.600934769127687e-13
379,0.0203867605949789,72,68146.3088842438,1.0367721674464735e-12,2.3550732121798107e-17,2.2859550676833792e-17,5.364632449551004e-13
387,0.0206008006943138,120,72600.30233617389,5.79050209910485e-13,2.3355122392958982e-17,2.2711733270836222e-17,5.320074416562851e-13
382,0.0204672879417543,96,58548.56116180571,8.333370001903888e-13,2.1684747699574522e-17,2.094400369940529e-17,4.939578972230359e-13
372,0.020197614923014,48,51474.91912179419,1.725955316682977e-12,1.9742980074241537e-17,1.8975888822382434e-17,4.4972628030991546e-13
398,0.0208915255323874,240,60133.61246823808,2.599479829826015e-13,1.7368456967306562e-17,1.6790794782900782e-17,3.956369057384915e-13
393,0.0207598825987584,144,68550.45476001041,3.7410274383253536e-13,1.709660881112532e-17,1.6597805152681938e-17,3.894444636842138e-13
395,0.0208126396917041,192,52485.02932039972,3.234067774245653e-13,1.5088012618261598e-17,1.4513067236173482e-17,3.4369055565896036e-13
385,0.0205474996976366,96,47888.32346931476,6.69819828976298e-13,1.4256243838301356e-17,1.3660848434766869e-17,3.2474365513620295e-13
401,0.0209701146206713,240,59155.38873259989,2.0894105681654677e-13,1.3733321597981182e-17,1.3269008138388855e-17,3.128319846008441e-13
392,0.0207334537114057,108,57896.505603022655,4.0235720425312533e-13,1.1647538065228801e-17,1.1245180860975675e-17,2.653198224961858e-13
402,0.0209962456147599,192,63830.88720528027,1.9426872895048095e-13,1.102252917791228e-17,1.067716254866698e-17,2.5108271538284664e-13
394,0.0207862778829079,120,56940.60658116293,3.478323774586565e-13,1.1003214756146626e-17,1.0616734336748118e-17,2.5064275125259167e-13
388,0.0206273995442487,48,73414.36020665079,5.383879549177954e-13,8.783423834057132e-18,8.544140298538112e-18,2.0007802846489584e-13
405,0.0210744441931221,216,55031.16877629831,1.5614936906838478e-13,8.593082283514778e-18,8.280783545378007e-18,1.9574222924958295e-13
406,0.0211004459848661,192,60923.48847833102,1.4518419652660683e-13,7.862335754955092e-18,7.604230516685568e-18,1.7909651938700255e-13
396,0.0208389681521886,72,75977.34333189223,3.0069639993923036e-13,7.615371205615628e-18,7.414906938989475e-18,1.7347090219419796e-13
397,0.0208652633906012,72,80439.59226813591,2.795807980787175e-13,7.496455134484023e-18,7.310067935764877e-18,1.707621073649482e-13
404,0.0210484102805363,168,55672.158747665926,1.6794269654536442e-13,7.272014137565811e-18,7.010769942939688e-18,1.656495552419398e-13
414,0.0213073180492081,240,73748.74021186857,8.10871878259084e-14,6.644531054982122e-18,6.464337304257881e-18,1.513560883171598e-13
409,0.0211782598174153,192,63053.78181579253,1.166961909351106e-13,6.540565477294694e-18,6.333105582298941e-18,1.489878514877745e-13
413,0.0212815690149687,240,63292.83681098022,8.721137369950764e-14,6.133172492915944e-18,5.939369440250371e-18,1.3970782735767624e-13
410,0.0212041343045449,192,61983.41389244853,1.085015124922728e-13,5.978039250457973e-18,5.785147672693933e-18,1.36174039863555e-13
411,0.0212299772566155,144,70362.5998018619,1.0088228346420039e-13,4.732226492326348e-18,4.597716781040748e-18,1.0779561190737443e-13
425,0.0215885305723586,336,63523.19486565877,3.6401767170306997e-14,3.596999076865835e-18,3.483749134558214e-18,8.193621272138255e-14
403,0.021022344127774,48,84464.72035042953,1.8062672613539118e-13,3.3903524246309863e-18,3.3100738796819234e-18,7.722899882061355e-14
419,0.0214355992686528,216,52417.40195947215,5.6344015831428237e-14,2.9534069258468358e-18,2.8407188941839795e-18,6.727579656201754e-14
426,0.0216139139210115,288,60756.4583048791,3.3845550259352256e-14,2.741781017517367e-18,2.6515262168257608e-18,6.245515995030403e-14
417,0.021384379125516,144,54757.42842649003,6.517628074753727e-14,2.379257018758728e-18,2.2923553110953455e-18,5.419720857357589e-14
384,0.0205207972825898,24,23168.10945826147,7.204085994645763e-13,1.8545005874520166e-18,1.6944097875709998e-18,4.224375691466572e-14
418,0.0214100045141293,96,65493.3843423732,6.05994504453016e-14,1.7639391550892163e-18,1.7100729769156149e-18,4.0180853747924575e-14
408,0.0211523536795014,48,58735.61643811868,1.255097801492339e-13,1.6381987346840012e-18,1.5824166101732306e-18,3.731660674261959e-14
434,0.0218159175070578,288,61506.03516299547,1.8903162717497082e-14,1.5502114543922672e-18,1.4998030204789418e-18,3.5312340308100196e-14
429,0.0216898857331843,192,55641.67172738686,2.7204385118080146e-14,1.3455088589205547e-18,1.2971455075995233e-18,3.0649410168623e-14
420,0.0214611634986899,96,57394.0609711627,5.238740775178866e-14,1.3363226998343645e-18,1.2897561151661076e-18,3.044015821473193e-14
421,0.021486697313192,120,47005.08429944712,4.870864191084277e-14,1.2719743439615262e-18,1.2178536307272565e-18,2.8974363961689713e-14
400,0.0209439510239319,30,39888.35599676333,2.2472152599891318e-13,1.2449683651639658e-18,1.1825457190531566e-18,2.8359193488686954e-14
422,0.0215122008204639,120,49406.50685693886,4.528820757918201e-14,1.2430734101662925e-18,1.1927531795227567e-18,2.8316028218841487e-14
430,0.0217151506057366,144,67384.92566623774,2.529402980578205e-14,1.1362908788414837e-18,1.1025655057671078e-18,2.588362386882959e-14
437,0.0218911882913753,240,67093.49656726449,1.5193989005230227e-14,1.132686499072743e-18,1.0989220790611202e-18,2.580151953097763e-14
416,0.0213587229925521,72,47914.67593313599,7.009878044876826e-14,1.119586782836927e-18,1.072854262537748e-18,2.5503120472998776e-14
424,0.0215631173433349,72,80968.51260344317,3.915104475971698e-14,1.0566672870217039e-18,1.030566590515226e-18,2.4069874291036927e-14
441,0.0219911485751285,270,65238.64230155945,1.1355029178785186e-14,9.259833586481714e-19,8.975957857012085e-19,2.1093018883053438e-14
433,0.0217907694669904,144,64055.51750600479,2.0330841802002912e-14,8.682017286400077e-19,8.410939395706704e-19,1.9776808390204953e-14
446,0.0221154635766365,384,60086.44149758897,7.890123717070972e-15,8.428257015724874e-19,8.14771928356235e-19,1.9198766665034543e-14
440,0.0219662011495421,144,59700.83673359432,1.2212628401984264e-14,4.860694228766129e-19,4.697859183406339e-19,1.1072198457409642e-14
449,0.0221897182799429,240,66554.1867271277,6.341925676601983e-15,4.689796729890379e-19,4.548865048188113e-19,1.0682910233470573e-14
435,0.0218410365913796,96,56239.20919023955,1.7575738584957703e-14,4.3930917286773385e-19,4.2368629412554923e-19,1.0007044502749494e-14
428,0.0216645913971937,72,36779.63568435287,2.9259021806155456e-14,3.5871205417031134e-19,3.3920603963287436e-19,8.17111890999771e-15
450,0.0222144146907918,252,52056.67653116629,5.896580878182482e-15,3.581158039846402e-19,3.443571152688811e-19,8.157536898714326e-15
438,0.0219162211049186,96,56412.34507144245,1.4127031693561475e-14,3.541951052143973e-19,3.416377437090093e-19,8.06822711531149e-15
443,0.0220409587149888,120,56512.2787490879,9.816269607252157e-15,3.081887579562408e-19,2.972817917259606e-19,7.020246347197797e-15
427,0.0216392674944446,48,43965.56959156593,3.1468836856161985e-14,3.0745451928116103e-19,2.9346836956731125e-19,7.003521089563863e-15
442,0.0220160677316502,96,59670.45160757087,1.0557652571341726e-14,2.799910652656856e-19,2.706064852022707e-19,6.377929766855877e-15
458,0.0224110062635376,312,56866.01528079303,3.293314097807491e-15,2.7051216083720384e-19,2.6099814233242666e-19,6.162009352916136e-15
461,0.0224842849536742,360,59147.21618190243,2.6471008550612166e-15,2.609477442160076e-19,2.5212407469913685e-19,5.9441410526792905e-15
436,0.021866126819746,72,47143.73014103844,1.6341529268052767e-14,2.5680021530165368e-19,2.459058624562852e-19,5.84966429465613e-15
445,0.0220906565429438,96,56995.610456170194,8.486032707189274e-15,2.1496293977656858e-19,2.074197995924003e-19,4.896651009455799e-15
454,0.0223129269908588,168,59202.16410920975,4.4067326824958415e-15,2.0291297557575093e-19,1.960580580696463e-19,4.6221643029138764e-15
459,0.0224354590872475,192,73583.5606983943,3.062049908062749e-15,2.0028136468573153e-19,1.9483772040473108e-19,4.562218713527622e-15
453,0.0222883397360181,144,58520.7384759967,4.739555299316267e-15,1.8490818410920767e-19,1.7858877704345269e-19,4.21203230341049e-15
451,0.022239083676395,144,47732.10168842826,5.482509229212991e-15,1.7446112535769394e-19,1.6715111305207662e-19,3.974058256188142e-15
452,0.0222637253279169,96,53381.53909295643,5.097514656268822e-15,1.2093919017801445e-19,1.1640806603910882e-19,2.7548795540453067e-15
432,0.0217655923708106,32,33881.784930780115,2.1866347687709383e-14,1.0975865030764896e-19,1.0327973247425357e-19,2.5001975055983048e-15
465,0.0225816199756118,192,57308.605417608494,1.9782762405619164e-15,1.0077533553546027e-19,9.725839999668354e-20,2.2955661519648922e-15
470,0.0227027019158317,240,61296.034126940765,1.3746194781902438e-15,9.362080271856299e-20,9.05660927670291e-20,2.1325927093032963e-15
457,0.0223865267300019,96,57795.78867419987,3.5420447322745185e-15,9.09845639204893e-20,8.783607971402306e-20,2.0725417005797864e-15
469,0.0226785372448903,192,67234.28488576677,1.4784389028811908e-15,8.835713989556841e-20,8.572880406822406e-20,2.012691483992361e-15
474,0.0227991044807474,240,69497.30125753247,1.027303908091873e-15,7.93276102041126e-20,7.70447126305751e-20,1.807007398519142e-15
456,0.0223620203989232,96,46554.060923038014,3.809560981075725e-15,7.882245955690123e-20,7.543618312927835e-20,1.7955005479468254e-15
467,0.0226301304933359,168,53237.44371719929,1.7101931337404596e-15,7.081379721348209e-20,6.815349678321915e-20,1.6130708482550807e-15
460,0.0224598852883711,48,102809.65606196182,2.847025628594254e-15,6.504482792785908e-20,6.377948320403942e-20,1.4816592230450475e-15
462,0.0225086581694523,96,55438.57151419733,2.461215264973052e-15,6.064278154624118e-20,5.845503464404291e-20,1.3813847995531421e-15
466,0.022605888246963,96,62807.240154848754,1.8393570733414477e-15,5.1344418415944915e-20,4.9709434350752515e-20,1.1695769444150598e-15
468,0.0226543467982779,120,53676.25155097215,1.5900993869447712e-15,4.741698593594119e-20,4.565020883933589e-20,1.080113773517934e-15
477,0.02287113974549,216,55486.28764282589,8.257266002439805e-16,4.581650365547021e-20,4.4165050454982245e-20,1.0436563116762318e-15
473,0.022775042094644,144,56266.074578155385,1.1048919987692387e-15,4.1445290402371435e-20,3.9972101070679114e-20,9.440842374825117e-16
482,0.0229906969623344,240,57469.52902720998,5.737620687557253e-16,3.663759540563245e-20,3.536256858617528e-20,8.345695249306338e-16
486,0.0230858969429135,312,57236.29263887065,4.287935860792089e-16,3.5450357474278314e-20,3.4211620447827264e-20,8.075253757341632e-16
485,0.0230621337899942,240,60896.37325531581,4.611786236290008e-16,3.1204561779871604e-20,3.017972039402938e-20,7.10810194063458e-16
464,0.0225573255952854,72,43861.73721499508,2.1276874081130606e-15,3.110802199010302e-20,2.9689563718027644e-20,7.08611109609578e-16
481,0.0229668353088244,192,55949.55792444735,6.17095986856445e-16,3.0689997921394376e-20,2.9592938389205136e-20,6.990889195048717e-16
475,0.0228231414979461,120,57284.852822725305,9.55164233930748e-16,3.03980236456967e-20,2.933673005244031e-20,6.924380236187428e-16
472,0.022750954259142,72,73051.99308444842,1.1883400027282592e-15,2.8936868553759397e-20,2.8144641885273895e-20,6.591543024185076e-16
489,0.0231570400913528,240,61595.03181063431,3.44655819228038e-16,2.3587873498968032e-20,2.282197167846128e-20,5.373092901487544e-16
494,0.0232751287719033,336,55795.32099183755,2.3948657556937623e-16,2.078569166664559e-20,2.0040622320429754e-20,4.734782571707804e-16
478,0.022895101134718,96,58410.91024234324,7.677421543379873e-16,1.9930896918355294e-20,1.9248459447832637e-20,4.540068470223906e-16
491,0.0232043476791524,216,57240.05589586388,2.979503081834251e-16,1.705469229460912e-20,1.645879167824227e-20,3.8848964536471534e-16
490,0.0231807059535242,168,60050.89272453178,3.2045328451463204e-16,1.4967171186809355e-20,1.4468688299786597e-20,3.4093790295557004e-16
497,0.0233456952666306,288,57847.37765513759,1.924945814878314e-16,1.484707566919232e-20,1.433375678522477e-20,3.3820224145884037e-16
488,0.0231333500185617,120,68714.56132737074,3.706862730637197e-16,1.4150858135361926e-20,1.3738984498624458e-20,3.22343069206289e-16
483,0.0230145338759039,96,52863.69408502984,5.334711593567295e-16,1.2533891631742381e-20,1.2059695045647512e-20,2.8551011246298015e-16
484,0.0230383461263251,78,60137.288238057416,4.960095714983258e-16,1.0771464372510894e-20,1.041323523753988e-20,2.4536369826256845e-16
493,0.0232515590152026,144,61860.522487009344,2.5757402368959636e-16,1.0622442456346502e-20,1.0279010424760373e-20,2.419691209601932e-16
501,0.0234394534562414,192,73070.95317211734,1.4385831059901457e-16,9.343879001956005e-21,9.088130894224424e-21,2.12844663339257e-16
506,0.0235561264193302,336,59021.25750077752,9.996098208851294e-17,9.177502232697138e-21,8.866512510643987e-21,2.0905475901440822e-16
480,0.0229429488381819,48,52921.70552179578,6.637027397440367e-16,7.805395765942884e-21,7.51041677050109e-21,1.7779948067435362e-16
509,0.0236258536357348,360,53483.69390206395,8.034666396850722e-17,7.162060636239384e-21,6.894238423011027e-21,1.6314491921573517e-16
502,0.0234628344630085,168,54963.941103334815,1.3375624482253663e-16,5.7180436153782164e-21,5.509978345654271e-21,1.3025158695008697e-16
500,0.023416049103469,144,52866.66017822394,1.5472334436321071e-16,5.45313764539212e-21,5.246839852907839e-21,1.2421728128469395e-16
498,0.0233691700792649,96,59796.13903368361,1.7897716344151283e-16,4.756508155112452e-21,4.5974173431644405e-21,1.08348725056629e-16
504,0.0235095267170779,144,61653.63496724934,1.1563047000223616e-16,4.752692525739562e-21,4.59851856573658e-21,1.0826180865401613e-16
510,0.0236490503557414,192,62088.27904892901,7.470453400779556e-17,4.122911958841083e-21,3.99010389838278e-21,9.391600722496799e-17
492,0.0232279653419368,48,59537.47133237967,2.770275432847107e-16,3.665226537020673e-21,3.542103184449691e-21,8.349036927500542e-17
513,0.0237185043976658,192,64110.93010673616,6.004602961516134e-17,3.421872718084105e-21,3.3151242209904847e-21,7.794700108144967e-17
521,0.0239027285587221,384,55904.85105035635,3.353645781076741e-17,3.333067873186688e-21,3.2138271343039597e-21,7.592411130396766e-17
514,0.0237416105934986,192,63281.63651222087,5.582945750150749e-17,3.1404261655865596e-21,3.041173796694991e-21,7.153591670184732e-17
507,0.0235793917350448,104,65306.46683143818,9.294148900580341e-17,2.9224386480476184e-21,2.8329394364124007e-21,6.65703686919658e-17
499,0.0233926213346183,72,51373.96227346323,1.6640896998754654e-16,2.8496960487020305e-21,2.7387567353769993e-21,6.49133615683833e-17
505,0.0235328381027923,96,52636.10445975507,1.0751062896653341e-16,2.515084754140632e-21,2.4195197506148248e-21,5.729123500557947e-17
518,0.0238338113699478,192,63095.47651843435,4.172341567097257e-17,2.3400522610993115e-21,2.2658772999064712e-21,5.330416153780319e-17
515,0.0237646943233982,144,56285.81453297279,5.1908982906779466e-17,1.9478262563241626e-21,1.8786142791151234e-21,4.436962675607149e-17
516,0.0237877556527678,144,58183.91014243398,4.8263813173237135e-17,1.8721182458685672e-21,1.807766494970918e-21,4.264507039204613e-17
525,0.023994310229654,240,63981.03888382148,2.5063033602516593e-17,1.781732141632376e-21,1.7260365114045616e-21,4.058616103302384e-17
517,0.0238107946466937,144,56408.910081033566,4.487461575204636e-17,1.6875521099187437e-21,1.6277192889160155e-21,3.844082961989527e-17
530,0.0241082980932507,336,54683.29038044284,1.7415229211252198e-17,1.4813898337791382e-21,1.4272091206774649e-21,3.374464934519313e-17
522,0.0239256568407887,120,59781.96771972459,3.1181449599541405e-17,1.0356046741188909e-21,1.0009586190082892e-21,2.3590088031882043e-17
523,0.0239485631713974,120,63808.98845215803,2.899181555233923e-17,1.0277435687701717e-21,9.955304403786838e-22,2.3411019539977097e-17
524,0.0239714476134764,120,64729.42319399517,2.6955942710029756e-17,9.69357012928114e-22,9.394059654725253e-22,2.208102941284253e-17
531,0.0241310310526564,216,54717.276501330285,1.619229123657476e-17,8.859980767817285e-22,8.536134943085789e-22,2.018219224931741e-17
529,0.0240855436775217,150,63363.07929551604,1.8730530722874815e-17,8.241834051670946e-22,7.981687791631018e-22,1.8774112910266758e-17
526,0.0240171510822601,144,52131.112787574006,2.330304898323613e-17,8.098759165596296e-22,7.788051845819813e-22,1.8448201948101188e-17
534,0.0241991017973388,240,50202.090419111664,1.301504402701021e-17,7.25980463391873e-22,6.970581433318503e-22,1.653714343787781e-17
542,0.0243796946143266,288,70082.29278638941,7.269064711096808e-18,6.792436284883969e-22,6.59859455925472e-22,1.547252285701515e-17
545,0.0244470729867917,384,63281.22046959823,5.842730708575422e-18,6.573068979801834e-22,6.365327443496931e-22,1.497282503143251e-17
533,0.0241764328445438,144,59009.15783577441,1.399801742775654e-17,5.506741465216043e-22,5.320101232845956e-22,1.2543832524103506e-17
536,0.0242443761153062,168,58245.41330550126,1.1251330058939017e-17,5.097076207373989e-22,4.922055517568271e-22,1.1610654088585143e-17
520,0.0238797782619671,48,58180.45615455508,3.606933022479172e-17,4.663400190372584e-22,4.503092056040177e-22,1.0622781430798682e-17
549,0.0245366230045304,360,62996.39340596325,4.366488461773725e-18,4.584550415674949e-22,4.439000800282491e-22,1.0443169154715255e-17
539,0.0243121295108867,216,50409.24014282819,9.043596977106702e-18,4.558808517739269e-22,4.377936578197135e-22,1.0384531563210846e-17
537,0.0242669815991125,144,59561.36716507585,1.0461235445320632e-17,4.153903235726986e-22,4.014420096456044e-22,9.462195899230712e-18
546,0.0244694912152409,288,53499.2171131433,5.432440543993024e-18,3.8750842148976674e-22,3.73021913372452e-22,8.827072728130417e-18
528,0.0240627677446002,48,71987.6598283355,2.0145171614162968e-17,3.2226750252084533e-22,3.133140929145507e-22,7.340946737952574e-18
538,0.0242895660447628,120,54737.27889659932,9.726623116484503e-18,2.957827123606235e-22,2.8497535334230736e-22,6.737648445660557e-18
541,0.0243571937377152,120,67878.44188526408,7.818067637595173e-18,2.9482124988531543e-22,2.861345080657652e-22,6.715747246294916e-18
512,0.0236953756701779,12,59621.15009870293,6.458106229041276e-17,2.139109560194657e-22,2.0673528243164205e-22,4.87268782151511e-18
554,0.0246481030106296,264,51541.96896373769,3.034085921763181e-18,1.911344873934605e-22,1.837178329180394e-22,4.353861561484945e-18
532,0.0241537426163214,48,56356.80296762611,1.5055230816062676e-17,1.8854770594066154e-22,1.818564922446337e-22,4.294937143977187e-18
550,0.0245589594889051,168,55928.83320206279,4.059863467573807e-18,1.7660488743417623e-22,1.7028954426239477e-22,4.022891114292664e-18
558,0.0247369252913036,288,53643.06009618843,2.2674844743342987e-18,1.6217974123185202e-22,1.5613311596696057e-22,3.6943000241885935e-18
557,0.0247147496478582,216,59439.35059298097,2.4387383648511696e-18,1.449570246729418e-22,1.4007954794323948e-22,3.301982946131256e-18
566,0.0249136198605782,360,56479.01872301281,1.2664184109662324e-18,1.192101152402166e-22,1.1498872053699584e-22,2.7154928739580655e-18
548,0.0245142661679932,96,56478.00111261996,4.696271596099e-18,1.1788268107984215e-22,1.1370821743886525e-22,2.6852551882056296e-18
569,0.0249795580963934,384,58317.44673724598,1.017922117045034e-18,1.0553354461055721e-22,1.0191426597217487e-22,2.4039536223585907e-18
563,0.0248475066440015,216,60142.188528501465,1.5755779000952858e-18,9.475870310887112e-23,9.160754730868055e-23,2.1585129963102282e-18
552,0.0246035716228385,96,57114.63303566028,3.509697222161454e-18,8.909114173779007e-23,8.597141087364656e-23,2.0294113467993772e-18
547,0.0244918889235597,72,51811.67690068601,5.050961910789142e-18,8.723293551982622e-23,8.386562757930012e-23,1.987083179151376e-18
561,0.0248033332639231,192,46745.40782624264,1.8225592556884926e-18,7.573002283969052e-23,7.24899174962443e-23,1.7250577851675896e-18
556,0.0246925540891394,72,81939.19722963085,2.6229263659873105e-18,7.164016027381105e-23,6.989154269648618e-23,1.631894611633748e-18
553,0.0246258473826055,96,46379.00014506613,3.2632381052274304e-18,6.72647646914348e-23,6.436410859789931e-23,1.5322272679628813e-18
555,0.0246703385613948,96,50862.08406365812,2.8210253385713667e-18,6.377032351827843e-23,6.126274543954832e-23,1.4526272265985176e-18
544,0.0244246341817086,48,42349.72392474662,6.2840084224539865e-18,5.913911596260197e-23,5.634622333040019e-23,1.3471327298444572e-18
565,0.024891601632803,144,61223.744103754725,1.3620658486251994e-18,5.559384731246181e-23,5.377775951429488e-23,1.266374886969101e-18
570,0.0250014988631147,192,52467.21388254368,9.464412541118848e-19,4.4139676183778787e-23,4.245711395424654e-23,1.005459779099615e-18
562,0.0248254297790082,96,54487.89718420324,1.694574897983738e-18,4.1037254583230945e-23,3.9530965785023174e-23,9.347895701888605e-19
573,0.0250672059379585,192,58769.9253349759,7.607307953690423e-19,3.9740526261204834e-23,3.8388115958326543e-23,9.052513341857667e-19
581,0.0252415886034512,336,56316.85624379644,4.2487765448868957e-19,3.722098144961925e-23,3.589913985787666e-23,8.4785850331993e-19
564,0.0248695639112336,96,48735.93936468035,1.4649371486748457e-18,3.173115024483778e-23,3.042898389046014e-23,7.228053777040637e-19
574,0.0250890700554495,192,50197.5010456274,7.073105063290829e-19,3.1560195449811014e-23,3.030275454967042e-23,7.189111903129291e-19
571,0.0250234203919759,120,56154.43862632656,8.799799439326004e-19,2.74526554188675e-23,2.647489992560905e-23,6.253453409632449e-19
585,0.0253283297134021,288,59590.7351000297,3.175267642007519e-19,2.5228871056875463e-23,2.438213301900679e-23,5.746896514184406e-19
578,0.025176336649564,204,49785.20305632428,5.285992661350913e-19,2.485439836662844e-23,2.385593308615104e-23,5.661595202310945e-19
579,0.0251981060757235,192,54050.26798526164,4.914797939706568e-19,2.361299073196016e-23,2.2739248876012323e-23,5.378814367913965e-19
560,0.0247812170461824,48,49160.04398565818,1.9602097519844305e-18,2.1414221695260158e-23,2.0543017361044857e-23,4.877955725288963e-19
586,0.0253499686150109,216,64493.75377283281,2.952292949451694e-19,1.904044545472079e-23,1.8449986864830452e-23,4.337232108625516e-19
582,0.0252633018019638,192,49148.06754064088,3.9504175557733587e-19,1.7258256786211774e-23,1.6555960331852066e-23,3.9312665058213347e-19
584,0.0253066723090882,192,55678.28766369989,3.4150827072417475e-19,1.6901862877256268e-23,1.6294737062635514e-23,3.850083368120261e-19
594,0.0255224193694856,384,55653.30959420025,1.648892500951013e-19,1.6314013305418993e-23,1.572774041619197e-23,3.716176835099405e-19
577,0.0251545483835617,96,59386.81568908577,5.685222212313769e-19,1.5005655274407746e-23,1.450030218886874e-23,3.4181453381381245e-19
590,0.025436340138215,240,55766.25763375844,2.2063575650742187e-19,1.3671144934013427e-23,1.3180843252885821e-23,3.1141565942079795e-19
593,0.0255009268019941,288,57604.19437925823,1.7734266527960375e-19,1.3620908483336032e-23,1.3147994709257088e-23,3.1027132092609454e-19
568,0.0249575980410748,48,53593.57493657545,1.0948016391590322e-18,1.303874081976783e-23,1.2552162313474927e-23,2.970100960821901e-19
580,0.025219856710827,96,58665.84707297848,4.569669376342637e-19,1.1914823324737339e-23,1.1508630491284659e-23,2.7140832611055534e-19
589,0.0254147747760183,192,56191.59689113571,2.372994788467889e-19,1.1852654806964753e-23,1.1430789066792684e-23,2.6999218649307565e-19
587,0.0253715890612565,168,52793.88414538205,2.744976059362978e-19,1.1271395960211053e-23,1.0844399684310146e-23,2.5675166363053026e-19
605,0.0257576540138159,312,65041.960090076944,7.40222993518403e-20,6.954357858092847e-24,6.740515659965309e-24,1.5841364777268955e-19
596,0.0255653502986828,168,61678.2580288151,1.4254453324478556e-19,6.838143279386919e-24,6.61640733878392e-24,1.5576639036764408e-19
601,0.0256723635345583,240,57301.43643681499,9.904809444214455e-20,6.3062200976268826e-24,6.086113221088784e-24,1.4364968695995216e-19
602,0.0256937126971123,288,50338.16044226082,9.209270645710745e-20,6.181036577599872e-24,5.935456027047586e-24,1.4079812561479832e-19
597,0.0255867887513379,144,51855.27594996494,1.3253472397538627e-19,4.5817497897973925e-24,4.405036824496878e-24,1.0436789595734206e-19
614,0.0259485326116245,408,56204.14003203986,3.8439220898925185e-20,4.080837446681886e-24,3.935622612174835e-24,9.295758991521763e-20
595,0.0255438938531917,96,59560.52080640186,1.5331034274274065e-19,4.0583306038958246e-24,3.922054743680055e-24,9.244490547499466e-20
588,0.025393191099279,56,61139.87634355812,2.552217444368378e-19,4.045540046866229e-24,3.913202846047128e-24,9.215354876925009e-20
598,0.0256082092563464,96,70207.8048440504,1.2322782683685203e-19,3.845135652408064e-24,3.7355998063308626e-24,8.758852755469599e-20
600,0.0256509966032372,120,59916.30854541664,1.0652879462490683e-19,3.546006737620689e-24,3.427641410259681e-24,8.077465580511231e-20
576,0.0251327412287183,30,36641.45950199324,6.114603949358955e-19,3.1117779580717227e-24,2.9419278483673074e-24,7.088333782293716e-20
611,0.0258850628077824,240,49871.59484847988,4.7823046807279423e-20,2.6500129053250318e-24,2.543739467975522e-24,6.036476976644485e-20
609,0.02584266300404,192,50964.340873861394,5.531959834454677e-20,2.5060683262547376e-24,2.40772237364221e-24,5.708584936675707e-20
603,0.0257150441351553,120,52366.229342156366,8.56257420231987e-20,2.4910540246550773e-24,2.395914311295968e-24,5.674383787788989e-20
606,0.0257789325420329,144,51523.02957151919,6.882428101096583e-20,2.3640236438443594e-24,2.2722579358297383e-24,5.385020680327357e-20
621,0.026096028503877,384,52114.49000718168,2.3090235292382478e-20,2.1392637091703832e-24,2.0571650947974675e-24,4.873038958198662e-20
610,0.0258638715944,144,61159.24490658892,5.1434927247836706e-20,2.0971475415353526e-24,2.028567638538237e-24,4.7771023400174834e-20
626,0.0262008743600538,432,61736.12918005339,1.6044416112422124e-20,1.9810402914700447e-24,1.916862627020356e-24,4.512621083932895e-20
612,0.0259062366868303,144,64162.077201756496,4.4464801027337466e-20,1.9019693308511788e-24,1.8426829294813955e-24,4.332504967389529e-20
592,0.0254794161049548,24,77931.98598611867,1.9073663632002443e-19,1.6516094298590618e-24,1.6092235106768343e-24,3.762208960461766e-20
629,0.0262635809699481,432,49465.64249793576,1.2896184921576392e-20,1.2758361458359353e-24,1.2242514061496294e-24,2.906233212990652e-20
613,0.0259273932740124,120,51238.39140671542,4.134237909116034e-20,1.1768427786431562e-24,1.1309068018752004e-24,2.6807357519409554e-20
618,0.0260329183062804,144,54977.040263988805,2.8727049543528474e-20,1.052885439613444e-24,1.0145827068887395e-24,2.3983727409399974e-20
608,0.0258214369938845,72,48872.98211627904,5.949766286740784e-20,9.692760710930742e-25,9.296109625148024e-25,2.207918563493985e-20
616,0.0259907597064611,96,64867.46533390351,3.3230188130350314e-20,9.580258118153737e-25,9.284878668106179e-25,2.1822915444803586e-20
617,0.0260118475474203,144,43563.76938350057,3.089668688971908e-20,8.97317428251965e-25,8.561218457323396e-25,2.0440036293787254e-20
622,0.026117031347119,144,57698.58984520528,2.14687851672739e-20,8.258124198942424e-25,7.971873730045438e-25,1.8811220314065747e-20
625,0.0261799387799149,150,64836.74401210596,1.7256185679726923e-20,7.769686760707106e-25,7.530017515155343e-25,1.7698606354898223e-20
630,0.0262844499291169,240,58118.27907103326,1.1990584766805752e-20,7.743023907801077e-25,7.476566468538728e-25,1.7637870915695087e-20
619,0.026053972024486,120,40785.48845837886,2.6709769187295047e-20,6.052061016191031e-25,5.755285802998862e-25,1.378601851789997e-20
633,0.026346957627209,240,54101.78400167151,9.637795316893152e-21,5.793576894298606e-25,5.579403665034313e-25,1.3197216309617738e-20
620,0.0260750087433146,96,46789.666910038846,2.4834146958163113e-20,5.164362062966251e-25,4.943614090004801e-25,1.1763924858444544e-20
638,0.0264508088678987,240,63222.33415586039,6.6968914137320495e-21,4.704367852938667e-25,4.55554804374462e-25,1.0716101863831352e-20
635,0.0263885471678987,240,50092.55576546674,8.331744089823356e-21,4.637315060478604e-25,4.452165191815863e-25,1.0563361989587139e-20
641,0.0265129243558647,336,46753.68988476507,5.382829108024774e-21,3.9148219105220846e-25,3.747356116050203e-25,8.917591413628017e-21
627,0.0262217932251506,96,52066.037513160445,1.491773982769771e-20,3.4520337843576743e-25,3.3194316525559166e-25,7.863404144184036e-21
637,0.0264300712646576,168,60885.81210079641,7.202680415576298e-21,3.4108748053711695e-25,3.2988331100177607e-25,7.769647910569107e-21
634,0.0263677605973883,168,48307.63070234181,8.961006872580004e-21,3.3668834167246587e-25,3.2274899764845253e-25,7.66943971754421e-21
632,0.0263261382184839,96,63266.530892755945,1.0365698842894932e-20,2.9146746936400746e-25,2.8225351483698975e-25,6.639351320596164e-21
650,0.0266984037406901,360,57163.59270900307,2.79526249463114e-21,2.6631207792974395e-25,2.569945362809735e-25,6.0663354649892775e-21
628,0.0262426954151777,72,55116.01603399088,1.387018137696511e-20,2.548230463890569e-25,2.455762588044135e-25,5.8046262701399294e-21
642,0.0265335972045073,192,53516.4435556751,5.004834305455017e-21,2.3808082898967984e-25,2.29183345779982e-25,5.42325450524688e-21
649,0.0266778586020254,240,66567.26197541643,3.0063773148835172e-21,2.2236256257422236e-25,2.156817240967034e-25,5.0652073684234625e-21
644,0.0265748946570537,192,54682.37331156575,4.326611768973913e-21,2.1030168882244035e-25,2.0260993456648673e-25,4.790472152702247e-21
646,0.0266161280327543,192,59537.80541637109,3.740297531731444e-21,1.9794587257205315e-25,1.9129645473786392e-25,4.50901842780439e-21
645,0.0265955193358719,192,52513.12430994853,4.02278700905868e-21,1.8777699047035066e-25,1.8062536912091299e-25,4.2773809796931314e-21
654,0.026780426679682,336,51110.31296087815,2.0890029062135014e-21,1.660860324865094e-25,1.5958691233384519e-25,3.783281618109981e-21
651,0.026718933081471,192,50223.21547297077,2.5989726489791604e-21,1.160255674293671e-25,1.1140517160895972e-25,2.6429519082043206e-21
657,0.0268417793985332,240,57860.88871077283,1.679099294824287e-21,1.079490860357391e-25,1.042177542694629e-25,2.4589773551484997e-21
648,0.0266572976289501,108,66689.24638759386,3.2334367798389434e-21,1.0781773104469367e-25,1.0458429426485472e-25,2.4559852135720575e-21
659,0.0268826034212088,264,54841.65095795533,1.4515586984255004e-21,9.729607003604307e-26,9.374781543989184e-26,2.216311797993022e-21
653,0.0267599445147891,168,52294.846609092376,2.246776808985796e-21,9.138488223727197e-26,8.788989608996073e-26,2.0816605705208794e-21
666,0.0270250018627309,360,55683.405874525386,8.719435801125673e-22,8.092131378515804e-26,7.801483518478281e-26,1.8433104480448445e-21
643,0.0265542539590603,72,51523.96744924287,4.653383178693299e-21,7.992025447594929e-26,7.681799902348708e-26,1.8205072705201183e-21
662,0.0269437234775686,264,53257.1742991919,1.1667342250570362e-21,7.59451830924052e-26,7.309316609782134e-26,1.7299589307778293e-21
665,0.0270047052005642,288,54933.18712204735,9.377979363808483e-22,6.868830602917199e-26,6.618751153215639e-26,1.564654183670668e-21
661,0.0269233655423026,216,50696.01788587663,1.2548529211287861e-21,6.361604613368947e-26,6.110634029143191e-26,1.449112934731422e-21
640,0.0264922353754562,24,71973.24412580016,5.7893723223984985e-21,4.629776749945976e-26,4.5011240316704534e-26,1.0546190436240523e-21
656,0.026821344085789,96,53798.643133973295,1.8059148430931894e-21,4.318034141062928e-26,4.157508377232422e-26,9.83607046762445e-22
674,0.0271868296675149,288,57557.41395149171,4.869913843633449e-22,3.7373286267481396e-26,3.607464257584581e-26,8.513278619959176e-22
677,0.0272472673034226,360,54295.94915977444,3.914340605453553e-22,3.542213975129114e-26,3.411735954947329e-26,8.068826028827438e-22
658,0.0268621991651978,96,48506.78259066298,1.5611890298495383e-21,3.3657003046150937e-26,3.2269279464062465e-26,7.666744700853601e-22
664,0.0269843932720035,120,57646.15891419137,1.0086260046398323e-21,3.230189719358538e-26,3.118120163287446e-26,7.358064495429286e-22
660,0.0269029922018577,96,45323.772786626905,1.3496268643255832e-21,2.7186747264631317e-26,2.5987078940786353e-26,6.192882064952455e-22
669,0.0270858005939331,144,55620.53553105576,7.008510357447641e-22,2.598780662374592e-26,2.5053338576086238e-26,5.91977480722835e-22
675,0.0272069904635132,224,49060.89291692916,4.527937146081428e-22,2.3037221869769e-26,2.2098094165396552e-26,5.247659705478107e-22
673,0.0271666539098807,144,63593.042306091855,5.237718651845713e-22,2.220549758761539e-26,2.1507135100702628e-26,5.058200836427028e-22
670,0.0271060365329485,144,50937.78791864025,6.516356429522061e-22,2.2128585453950838e-26,2.1259737930014562e-26,5.04068098498941e-22
678,0.0272673834134373,240,50295.73076496669,3.639466487279895e-22,2.033884739692763e-26,1.9530077066420988e-26,4.632995703391887e-22
686,0.0274277811699243,384,56124.62523032838,2.0326875080102782e-22,2.0281568817323908e-26,1.9558835481142475e-26,4.619948188553828e-22
681,0.0273276428977893,240,59338.91453958648,2.9253313119629877e-22,1.928733163561646e-26,1.8637258010735795e-26,4.393470428968549e-22
667,0.0270452832928746,96,52277.954135772125,8.10713670189361e-22,1.8836645363290177e-26,1.8116010989788526e-26,4.290808389054685e-22
689,0.0274876890268889,480,50254.545788271615,1.6338340895300531e-22,1.8246131125050472e-26,1.751998264081489e-26,4.156294870409102e-22
652,0.026739446660755,24,44181.70354848523,2.416466733665545e-21,1.1862624095731946e-26,1.1325631488250714e-26,2.7021927739514542e-22
693,0.0275673636549431,288,58913.401589813926,1.2210245613262663e-22,9.591294710992093e-27,9.26568816130509e-27,2.1848055752020754e-22
680,0.0273075711779327,144,45590.19130206784,3.146269701573723e-22,9.562602505509728e-27,9.143099878633232e-27,2.1782697640950647e-22
676,0.0272271363311115,78,58980.30499446184,4.2099748490751394e-22,8.966591133408465e-27,8.662537394308593e-27,2.0425040507176695e-22
682,0.0273476998861024,144,48076.56048037027,2.719907730882718e-22,8.717587234987311e-27,8.354932870869616e-27,1.9857833344942271e-22
672,0.0271464631572513,48,65388.414722114656,5.633302262987852e-22,8.185615658383926e-27,7.9352466689178e-27,1.8646052765329685e-22
690,0.0275076293189759,192,56045.50133137047,1.5191024527439656e-22,7.567898536688895e-27,7.2978358784233e-27,1.723895200151895e-22
685,0.027407782785078,144,48184.04970626372,2.186208137542453e-22,7.022690771172252e-27,6.73119635283326e-27,1.5997020644348698e-22
684,0.0273877697975353,120,52479.01612978638,2.3513235565331726e-22,6.855285936091724e-27,6.594027763143595e-27,1.5615688375848432e-22
701,0.0277260260508738,408,50847.59234709064,6.819574741124384e-23,6.549891398991723e-27,6.29226301988258e-27,1.492002871008124e-22
698,0.0276666342810259,312,52963.29912597649,8.484377009304391e-23,6.49076418526389e-27,6.245659960550652e-27,1.4785342549253876e-22
683,0.0273677421752609,120,42854.7825912212,2.528909472326541e-22,6.020881423857437e-27,5.73989148248782e-27,1.371499437651383e-22
692,0.0275474666017158,168,55645.111529176735,1.313243585937462e-22,5.683656673680693e-27,5.479374338090422e-27,1.2946828517281182e-22
699,0.0276864456937194,240,55641.01318473115,7.888584286146334e-23,4.876986914159235e-27,4.701685041133761e-27,1.1109311642807934e-22
691,0.0275275551668036,120,51928.8400400792,1.4124275388308326e-22,4.0747624295638365e-27,3.9178260363604105e-27,9.281920681190466e-23
705,0.0278050177381469,288,56964.23237035517,5.096520087365318e-23,3.870924727158144e-27,3.735017524828402e-27,8.817597811263478e-23
710,0.0279034428874794,384,52540.56632839684,3.5413536489166295e-23,3.307817356146033e-27,3.181902559740108e-27,7.534892857765717e-23
696,0.027626968835136,144,50056.66878336052,9.814354368717671e-23,3.275159239716185e-27,3.144301181466616e-27,7.46050077932217e-23
694,0.0275872463576035,120,50777.81824889852,1.1352813715041157e-22,3.2026172857553458e-27,3.0764749111437774e-27,7.295257118038301e-23
706,0.0278247306209763,288,46377.90729543439,4.7386305713593993e-23,2.9302369246109e-27,2.8038734427079828e-27,6.674800600398479e-23
702,0.0277457950559173,192,37852.23795131366,6.340688312418346e-23,2.1334154913490905e-27,2.020692143572764e-27,4.859717275062064e-23
714,0.0279819337398214,288,58289.518892801534,2.646584382942504e-23,2.0569084052122745e-27,1.986332821667141e-27,4.685441420372065e-23
697,0.0276468086716859,96,50254.08618683473,9.12516753638614e-23,2.038119803746024e-27,1.9570072034225915e-27,4.6426427759026493e-23
713,0.0279623316822564,288,52469.083934829454,2.84647014943531e-23,1.9913557491827706e-27,1.9154498785311625e-27,4.5361187140241655e-23
688,0.0274677342590851,24,64900.23880074441,1.7572309407362375e-22,1.2671634186870952e-27,1.22811384222629e-27,2.8864775666488953e-23
707,0.0278444295477772,144,43011.35358088579,4.405872891090858e-23,1.2633503783409893e-27,1.2046054064597778e-27,2.877791823944008e-23
709,0.027883785651586,120,54245.35939643973,3.808817702999123e-23,1.1478371398594971e-27,1.1055169431595068e-27,2.614663669665964e-23
717,0.0280406576947376,192,54282.386568663474,2.1272722780210716e-23,1.0264303656208104e-27,9.886121917893246e-28,2.3381106023100075e-23
725,0.0281966569941067,360,46177.09552613908,1.188108147384416e-23,9.143897236192385e-28,8.747861187064247e-28,2.0828926920379812e-23
721,0.0281187655276397,192,58395.789696060565,1.589789144893491e-23,8.25217711700269e-28,7.969547935688291e-28,1.879767342788444e-23
729,0.0282743338823081,318,56551.01940557626,8.879171017208323e-24,7.392413095132679e-28,7.130970837403767e-28,1.6839212881169097e-23
722,0.0281382586083363,228,46928.73140196819,1.4781504467495877e-23,7.322148780316682e-28,7.010094797113991e-28,1.6679157464905212e-23
734,0.0283711309264258,480,52274.02414933283,6.1697558612794044e-24,7.167065930844609e-28,6.892854559232191e-28,1.6325893505914878e-23
716,0.0280210967173346,120,53365.12925914693,2.2879365109729952e-23,6.783112646933084e-28,6.528897479047196e-28,1.5451284497867544e-23
726,0.028216096263561,264,48672.86913781898,1.1046764248478973e-23,6.571616463653442e-28,6.301584448690622e-28,1.4969516338002997e-23
712,0.0279427158736814,96,48161.26143116521,3.0614524758198245e-23,6.553040579868736e-28,6.280911470906973e-28,1.492720224415014e-23
718,0.0280602050360414,144,48201.52611927726,1.9778902618717388e-23,6.355821941244983e-28,6.092103239662085e-28,1.4477956971032714e-23
715,0.0280015220752549,96,57311.62820855785,2.460735060729814e-23,6.267943685347118e-28,6.049211679948912e-28,1.4277778674765108e-23
731,0.0283130924116512,288,60120.8037430039,7.675923612477992e-24,6.153102627361051e-28,5.948411331028304e-28,1.4016181683628432e-23
708,0.0278641145481488,48,55554.4736731491,4.096482230494591e-23,5.057286982811886e-28,4.875221105901015e-28,1.152001802507578e-23
704,0.0277852908695848,24,68940.10386763499,5.481439544561184e-23,4.1987890171801095e-28,4.076979249523194e-28,9.564441433875473e-24
724,0.0281772043136304,120,57691.831143978605,1.277841128976399e-23,4.095610813429855e-28,3.953628465765811e-28,9.329411313766095e-24
728,0.028254934680105,144,52167.04410547694,9.549778731829166e-24,3.321224855339185e-28,3.1938944722481294e-28,7.565433863823162e-24
720,0.0280992589241629,72,54520.69788416475,1.7098594603671368e-23,3.107424368768588e-28,2.9934337380774456e-28,7.078416720553628e-24
723,0.0281577381943373,96,48962.194627099554,1.3743512781205034e-23,2.990722434015072e-28,2.868557875959916e-28,6.812580829394804e-24
737,0.0284290509545798,240,53236.3091182789,4.959127957695519e-24,2.9333963212553088e-28,2.823193477750964e-28,6.681997405012426e-24
733,0.0283517979559174,168,52637.98461010654,6.635732456377113e-24,2.71671231156549e-28,2.613489806688512e-28,6.188411870741539e-24
741,0.0285060945943674,288,54921.98256582407,3.7061394898721496e-24,2.7139803793236044e-28,2.6151499929270135e-28,6.182188789319272e-24
738,0.0284483314253987,240,50022.76491650582,4.610886437174326e-24,2.5627698700386265e-28,2.460305726990308e-28,5.8377456524231136e-24
730,0.0282937197837164,144,46362.13650641681,8.255654938904064e-24,2.551665341515629e-28,2.4415899423302418e-28,5.812450594187409e-24
740,0.0284868532188409,192,55870.265854177385,3.986049149068342e-24,1.9795700059223626e-28,1.9087069099389255e-28,4.509271913504388e-24
749,0.0286595605464019,384,51235.96489968211,2.0699252130329334e-24,1.8854153877319537e-28,1.811818046824116e-28,4.29479666177672e-24
746,0.0286021073101123,312,43940.61352509422,2.5752376878478095e-24,1.6344975685563464e-28,1.5601018131296318e-28,3.723229770370347e-24
750,0.0286786860477273,288,54973.97627384659,1.924570241412767e-24,1.4106837171836886e-28,1.359361844079348e-28,3.213403135884781e-24
747,0.0286212712032574,216,58538.88676391078,2.394398496810664e-24,1.4016542247247764e-28,1.3537662547885632e-28,3.1928348121496468e-24
745,0.0285829305682246,192,50075.08531061997,2.7697349283107733e-24,1.2328418917596966e-28,1.1836021597008385e-28,2.808296397536772e-24
739,0.028467598837987,120,51350.528640414734,4.287099247666639e-24,1.2230267372311456e-28,1.1753923011459608e-28,2.7859384104436715e-24
755,0.028774122870737,288,62817.56854869732,1.3373014783007813e-24,1.1200803637791144e-28,1.084418991024427e-28,2.551436377671114e-24
744,0.0285637409517156,144,55209.908221832506,2.9789217551864045e-24,1.096439978025744e-28,1.0567210212899252e-28,2.4975858307426597e-24
761,0.0288882308777755,480,54669.86738775599,8.639806079009435e-25,1.0496378946563864e-28,1.0112387565274555e-28,2.390975142866228e-24
754,0.0287550608462065,240,51676.03671774029,1.4383024260673262e-24,8.25841877563001e-29,7.938796014281716e-29,1.8811891331700753e-24
758,0.0288312333262725,264,57602.59801530883,1.0748965271918647e-24,7.567612868919213e-29,7.304860384494534e-29,1.7238301277550327e-24
742,0.028525322990884,96,47311.977312021576,3.4458857391669894e-24,7.245851907168325e-29,6.939550952575704e-29,1.6505360455379502e-24
736,0.0284097573989441,48,53087.01334619744,5.333670745505057e-24,6.292192223352218e-29,6.055140190218661e-29,1.4333014534594674e-24
753,0.0287359861768795,144,55490.69818124907,1.5469315650942423e-24,5.72268750571279e-29,5.516429963700225e-29,1.3035737034846359e-24
756,0.0287931722755848,192,45295.36251704422,1.243393052429815e-24,5.0062168054206797e-29,4.7851691516553785e-29,1.1403685025566347e-24
766,0.0289829777076791,288,48424.33643496713,6.00343141189261e-25,3.8761624327165e-29,3.7160709283993634e-29,8.829528805618232e-25
765,0.0289640531364758,240,53250.3807644639,6.456846197032913e-25,3.8203279836620365e-29,3.676842512616861e-29,8.702343249071081e-25
770,0.0290585527452548,384,47528.43155460012,4.486586032897478e-25,3.790940394282536e-29,3.63141733533507e-29,8.635401119720703e-25
757,0.0288122090857806,120,46738.578332273406,1.1560790950410035e-24,3.0018607412154276e-29,2.873407508433094e-29,6.83795283224001e-25
773,0.0291151052854433,312,55176.51937155335,3.606229278859186e-25,2.874143706246753e-29,2.7699637493019323e-29,6.547025592012422e-25
762,0.0289072050872943,144,53243.55037391908,8.03309876441154e-25,2.8514046581440864e-29,2.744296674618599e-29,6.495228206397154e-25
774,0.0291339317376437,360,48362.20133486608,3.3529914559731006e-25,2.702634131130947e-29,2.590867749265177e-29,6.156343116700606e-25
748,0.028640422273452,48,54383.97422227235,2.2262582551437286e-24,2.6905060346635016e-29,2.59156122332378e-29,6.128716468185368e-25
769,0.0290396774248186,240,47616.63949517444,4.8254396488648025e-25,2.5530135573968494e-29,2.4457815651998537e-29,5.815521701543218e-25
776,0.0291715481919652,240,53775.00246321216,2.8986159000047134e-25,1.7319230795851044e-29,1.6675093929183328e-29,3.9451558044214115e-25
771,0.0290774158129636,144,60055.88676135313,4.171527507412592e-25,1.6701652240469352e-29,1.614544857281434e-29,3.8044772921266306e-25
763,0.0289261668506238,96,49757.22074613606,7.4689958511407325e-25,1.6517176680763725e-29,1.5853265938440102e-29,3.762455516810784e-25
777,0.0291903382410581,192,61400.68561236958,2.695068337402117e-25,1.4709248327882575e-29,1.4230125067899978e-29,3.350626659084853e-25
779,0.0292278820999716,240,50855.89231420356,2.3298502358180458e-25,1.3165179188998255e-29,1.26474346921498e-29,2.998902416969162e-25
782,0.0292841076385049,288,50219.47549541308,1.8726876235411816e-25,1.2539385362798628e-29,1.2040001996520979e-29,2.856352544234977e-25
781,0.0292653777947989,240,54862.15715729205,2.0141241118106375e-25,1.2277688172938496e-29,1.1830105036980576e-29,2.796740417129147e-25
778,0.0292091162026277,168,60609.70092646357,2.5058143589347353e-25,1.181262902339896e-29,1.142283567867578e-29,2.690804372692075e-25
760,0.0288692441975267,48,51210.884446122574,9.292335532284702e-25,1.0574860470631796e-29,1.016186778030803e-29,2.4088524864888222e-25
789,0.0294148826134351,384,49450.61226424775,1.1249134827780313e-25,9.88936186092106e-30,9.489392622599982e-30,2.252702432776796e-25
794,0.029507938469475,504,47439.571619672985,7.816542265434704e-26,8.652313054450112e-30,8.287541082063159e-30,1.9709144979240214e-25
786,0.0293589075244374,192,58385.07408744225,1.3995286294299974e-25,7.263251797045947e-30,7.014446707369503e-30,1.6544995747128971e-25
785,0.0293402254305797,192,48897.272671144565,1.505229341118687e-25,6.542365291136686e-30,6.274768963826696e-30,1.4902884953271836e-25
772,0.0290962666517754,48,59425.44437903227,3.8785931257090574e-25,5.1219360013493444e-30,4.949554084651164e-30,1.1667282331290985e-25
797,0.0295636313881096,360,48149.854615794495,6.282782358424966e-26,5.0419176190140095e-30,4.832491540399844e-30,1.1485008078322267e-25
790,0.0294335173207926,192,53084.66972266866,1.0459194368411333e-25,4.935314476553881e-30,4.74937324333768e-30,1.1242176274067492e-25
780,0.0292466359563126,96,48790.23707114222,2.1662427234424337e-25,4.697399823573027e-30,4.5048449148225886e-30,1.0700229356662145e-25
801,0.0296377258185737,432,48617.471397715824,4.6953553131641183e-26,4.565526052797391e-30,4.377711840270826e-30,1.0399833468207865e-25
787,0.0293775777377867,120,49589.43671939533,1.3012504680105115e-25,3.584904318860601e-30,3.4403209335261e-30,8.166070565464346e-26
798,0.0295821723942521,192,57054.73872476048,5.841590741619553e-26,2.9625816311118527e-30,2.8587311290386158e-30,6.74847876087724e-26
788,0.0293962360932642,120,38595.67068457953,1.2098736280856707e-25,2.5942157844195552e-30,2.4597853812989254e-30,5.909376450065108e-26
809,0.0297853617299976,384,52035.14426341355,2.6224146105198505e-26,2.4259150680334912e-30,2.332673659659452e-30,5.526003449286214e-26
792,0.0294707513866861,120,47042.39876094098,9.041832493642002e-26,2.36305272053078e-30,2.2625879150458687e-30,5.382809009502384e-26
810,0.0298037647973883,408,51003.45253952538,2.4382625460443727e-26,2.3490185964258887e-30,2.256906455797546e-30,5.3508406115839e-26
806,0.0297300841783724,336,45756.79453819442,3.262601419438752e-26,2.3222295103665847e-30,2.2207263550951574e-30,5.289817625281687e-26
803,0.0296747036568087,240,48264.72124815577,4.0590713533322926e-26,2.1767771932773058e-30,2.086575607647699e-30,4.9584911017222354e-26
784,0.0293215314335047,54,48934.40393471002,1.6189131981440618e-25,1.980513809330369e-30,1.899568149423166e-30,4.5114218077677185e-26
793,0.0294893507898545,96,46446.04695975752,8.40689394744156e-26,1.7354088491936535e-30,1.660680902994173e-30,3.9530960555596647e-26
768,0.0290207898277474,8,84645.80029106021,5.189885501826045e-25,1.6270444878556895e-30,1.588600891545867e-30,3.706252362462566e-26
802,0.0296562205010716,144,52178.55686756589,4.3656365223629387e-26,1.5186174236349145e-30,1.4604089366700753e-30,3.459265838171062e-26
805,0.029711635474034,192,47519.515231924976,3.509012450081517e-26,1.4821917384058937e-30,1.4198092948488888e-30,3.376291596875239e-26
795,0.0295265144476885,96,45725.16984936647,7.267646454122601e-26,1.476952748977342e-30,1.4123514471629186e-30,3.364357677986471e-26
804,0.02969317530731,144,45334.6183522941,3.7740339048046695e-26,1.1406292448195861e-30,1.090308792755524e-30,2.5982447713386913e-26
811,0.0298221565083626,168,53325.19415306626,2.2670420686323594e-26,9.402591213788074e-31,9.049940225334152e-31,2.1418207159964694e-26
818,0.0299505822612499,336,43503.88673814372,1.361800097876176e-26,9.215670678355274e-31,8.791999536793797e-31,2.0992419984991004e-26
813,0.0298589059449896,144,56428.13292246391,1.9598272982213167e-26,7.372626352607052e-31,7.111316046177544e-31,1.6794140566442353e-26
800,0.0296192195877224,84,37490.86533963655,5.04997642472734e-26,7.3627550153030185e-31,6.96997907115756e-31,1.6771654600338281e-26
819,0.0299688838714279,240,46152.91377132673,1.2661713218541608e-26,6.493055093029096e-31,6.2116836881726145e-31,1.479056101892717e-26
814,0.0298772637124448,144,52963.32971700339,1.8222036587194486e-26,6.433998212552539e-31,6.191037724723279e-31,1.465603507054676e-26
812,0.0298405368839186,96,50165.34417741317,2.107845092107295e-26,4.699589978588161e-31,4.5122259704008455e-31,1.0705218321167778e-26
817,0.0299322694608455,144,46464.522901898206,1.4646513268518495e-26,4.53695500798689e-31,4.341668164406644e-31,1.0334751349607346e-26
808,0.0297669472851278,72,40017.09719063281,2.8204749322918734e-26,3.762240649642247e-31,3.5742089874894552e-31,8.570025835166974e-27
820,0.0299871743118681,96,58991.98682701506,1.1772578213105897e-26,3.086612350522434e-31,2.9819672108503816e-31,7.031008925396115e-27
816,0.0299139454496633,48,41422.441783647264,1.5752704913110152e-26,1.45003444932951e-31,1.3800224274934651e-31,3.303040355437574e-27
